codigo,prompt_ia,descripcionNueva
0,"Escribe una descripción comercial para una tienda de informática sobre el producto: Producto Generica Std. Debe parecer escrita por un humano, clara, profesional y orientada a ventas. Primero un párrafo corto y luego características en líneas separadas.",
107,"Escribe una descripción comercial para una tienda de informática sobre el producto: C.r.r.. Debe parecer escrita por un humano, clara, profesional y orientada a ventas. Primero un párrafo corto y luego características en líneas separadas.",
108,"Escribe una descripción comercial para una tienda de informática sobre el producto: Cinta Maquina Escribir. Debe parecer escrita por un humano, clara, profesional y orientada a ventas. Primero un párrafo corto y luego características en líneas separadas.",
111,"Escribe una descripción comercial para una tienda de informática sobre el producto: Tinta Para Sello Negra 30cc. Debe parecer escrita por un humano, clara, profesional y orientada a ventas. Primero un párrafo corto y luego características en líneas separadas.",
114,"Escribe una descripción comercial para una tienda de informática sobre el producto: Caset Reloj Amano-needtek-tm-. Debe parecer escrita por un humano, clara, profesional y orientada a ventas. Primero un párrafo corto y luego características en líneas separadas.",
1194,"Escribe una descripción comercial para una tienda de informática sobre el producto: Cortadora Rotativa Bextra Mx18. Debe parecer escrita por un humano, clara, profesional y orientada a ventas. Primero un párrafo corto y luego características en líneas separadas.",
134,"Escribe una descripción comercial para una tienda de informática sobre el producto: Gaveta Monedera 5 Div  Acero Inox. Debe parecer escrita por un humano, clara, profesional y orientada a ventas. Primero un párrafo corto y luego características en líneas separadas.",
135,"Escribe una descripción comercial para una tienda de informática sobre el producto: Gaveta Monedera 5 Div. Esmaltada. Debe parecer escrita por un humano, clara, profesional y orientada a ventas. Primero un párrafo corto y luego características en líneas separadas.",
136,"Escribe una descripción comercial para una tienda de informática sobre el producto: Gaveta Monedera 3 Div.acero Inox. Debe parecer escrita por un humano, clara, profesional y orientada a ventas. Primero un párrafo corto y luego características en líneas separadas.",
137,"Escribe una descripción comercial para una tienda de informática sobre el producto: Cajon Para Dinero 5 Divisiones Esmaltado. Debe parecer escrita por un humano, clara, profesional y orientada a ventas. Primero un párrafo corto y luego características en líneas separadas.",
138,"Escribe una descripción comercial para una tienda de informática sobre el producto: Gaveta Monedera 4 Div.acero Inox. Debe parecer escrita por un humano, clara, profesional y orientada a ventas. Primero un párrafo corto y luego características en líneas separadas.",
139,"Escribe una descripción comercial para una tienda de informática sobre el producto: Gaveta Monedera 4 Div.esmaltada. Debe parecer escrita por un humano, clara, profesional y orientada a ventas. Primero un párrafo corto y luego características en líneas separadas.",
140,"Escribe una descripción comercial para una tienda de informática sobre el producto: Cofre Dasa V4 Oficio. Debe parecer escrita por un humano, clara, profesional y orientada a ventas. Primero un párrafo corto y luego características en líneas separadas.",
141,"Escribe una descripción comercial para una tienda de informática sobre el producto: Cofre Dasa V3. Debe parecer escrita por un humano, clara, profesional y orientada a ventas. Primero un párrafo corto y luego características en líneas separadas.",
1421,"Escribe una descripción comercial para una tienda de informática sobre el producto: Su Turno Racionador Plastico Rojo. Debe parecer escrita por un humano, clara, profesional y orientada a ventas. Primero un párrafo corto y luego características en líneas separadas.",
146,"Escribe una descripción comercial para una tienda de informática sobre el producto: Cofre Dasa V0. Debe parecer escrita por un humano, clara, profesional y orientada a ventas. Primero un párrafo corto y luego características en líneas separadas.",
147,"Escribe una descripción comercial para una tienda de informática sobre el producto: Cofre Dasa V1. Debe parecer escrita por un humano, clara, profesional y orientada a ventas. Primero un párrafo corto y luego características en líneas separadas.",
148,"Escribe una descripción comercial para una tienda de informática sobre el producto: Cofre Dasa V2. Debe parecer escrita por un humano, clara, profesional y orientada a ventas. Primero un párrafo corto y luego características en líneas separadas.",
1512,"Escribe una descripción comercial para una tienda de informática sobre el producto: Cifra Pr-226- 12 Digitos - Bicolor. Debe parecer escrita por un humano, clara, profesional y orientada a ventas. Primero un párrafo corto y luego características en líneas separadas.",
1525,"Escribe una descripción comercial para una tienda de informática sobre el producto: Cifra Pr-26 Incluye Adaptador 220v-6v. Debe parecer escrita por un humano, clara, profesional y orientada a ventas. Primero un párrafo corto y luego características en líneas separadas.",
1526,"Escribe una descripción comercial para una tienda de informática sobre el producto: Cifra Pr-235. Debe parecer escrita por un humano, clara, profesional y orientada a ventas. Primero un párrafo corto y luego características en líneas separadas.",
1531,"Escribe una descripción comercial para una tienda de informática sobre el producto: Casio Hr-100 Rc. Debe parecer escrita por un humano, clara, profesional y orientada a ventas. Primero un párrafo corto y luego características en líneas separadas.",
1545,"Escribe una descripción comercial para una tienda de informática sobre el producto: Exaktus Ex-90 - 12 Digitos. Debe parecer escrita por un humano, clara, profesional y orientada a ventas. Primero un párrafo corto y luego características en líneas separadas.",
1547,"Escribe una descripción comercial para una tienda de informática sobre el producto: Casio Hr-8rc- 12 Digitos Negra. Debe parecer escrita por un humano, clara, profesional y orientada a ventas. Primero un párrafo corto y luego características en líneas separadas.",
1549,"Escribe una descripción comercial para una tienda de informática sobre el producto: Casio Jw-200sc- 12 Digitos - Varios Colores. Debe parecer escrita por un humano, clara, profesional y orientada a ventas. Primero un párrafo corto y luego características en líneas separadas.",
1552,"Escribe una descripción comercial para una tienda de informática sobre el producto: Casio Fc-100v Financiera. Debe parecer escrita por un humano, clara, profesional y orientada a ventas. Primero un párrafo corto y luego características en líneas separadas.",
1557,"Escribe una descripción comercial para una tienda de informática sobre el producto: Exaktus Ex-220 - 12 Digitos. Debe parecer escrita por un humano, clara, profesional y orientada a ventas. Primero un párrafo corto y luego características en líneas separadas.",
1558,"Escribe una descripción comercial para una tienda de informática sobre el producto: Exaktus Ex-120 - 12 Digitos 20x15. Debe parecer escrita por un humano, clara, profesional y orientada a ventas. Primero un párrafo corto y luego características en líneas separadas.",
1599,"Escribe una descripción comercial para una tienda de informática sobre el producto: Escritorio Sql 1200 Incluye Cajon. Debe parecer escrita por un humano, clara, profesional y orientada a ventas. Primero un párrafo corto y luego características en líneas separadas.",
160,"Escribe una descripción comercial para una tienda de informática sobre el producto: Cable HDMI. Debe parecer escrita por un humano, clara, profesional y orientada a ventas. Primero un párrafo corto y luego características en líneas separadas.",
1608,"Escribe una descripción comercial para una tienda de informática sobre el producto: Contadora Dynapos-bc1050 Deteccionuv/mg. Debe parecer escrita por un humano, clara, profesional y orientada a ventas. Primero un párrafo corto y luego características en líneas separadas.",
161,"Escribe una descripción comercial para una tienda de informática sobre el producto: Cable Alimentacion Notebook -logos. Debe parecer escrita por un humano, clara, profesional y orientada a ventas. Primero un párrafo corto y luego características en líneas separadas.",
163,"Escribe una descripción comercial para una tienda de informática sobre el producto: Cable  220 - 1 50 Mts. Debe parecer escrita por un humano, clara, profesional y orientada a ventas. Primero un párrafo corto y luego características en líneas separadas.",
1644,"Escribe una descripción comercial para una tienda de informática sobre el producto: Tinta Hp T52y -amarillo - Bj - 70 Ml. Debe parecer escrita por un humano, clara, profesional y orientada a ventas. Primero un párrafo corto y luego características en líneas separadas.",
1647,"Escribe una descripción comercial para una tienda de informática sobre el producto: Pilas Philco Cr2032  Lithium. Debe parecer escrita por un humano, clara, profesional y orientada a ventas. Primero un párrafo corto y luego características en líneas separadas.",
1649,"Escribe una descripción comercial para una tienda de informática sobre el producto: Pilas Panasonic Cr-1620. Debe parecer escrita por un humano, clara, profesional y orientada a ventas. Primero un párrafo corto y luego características en líneas separadas.",
1650,"Escribe una descripción comercial para una tienda de informática sobre el producto: Pilas Duracell Cr2032. Debe parecer escrita por un humano, clara, profesional y orientada a ventas. Primero un párrafo corto y luego características en líneas separadas.",
1661,"Escribe una descripción comercial para una tienda de informática sobre el producto: Etiq.bal.hus-51901-termicotop 63x32x500. Debe parecer escrita por un humano, clara, profesional y orientada a ventas. Primero un párrafo corto y luego características en líneas separadas.",
1665,"Escribe una descripción comercial para una tienda de informática sobre el producto: Report A4 - 75 Grs X 10. Debe parecer escrita por un humano, clara, profesional y orientada a ventas. Primero un párrafo corto y luego características en líneas separadas.",
1673,"Escribe una descripción comercial para una tienda de informática sobre el producto: Rollo Etiq Maruzen  1l- 2 Lin Rojas X 10. Debe parecer escrita por un humano, clara, profesional y orientada a ventas. Primero un párrafo corto y luego características en líneas separadas.",
1675,"Escribe una descripción comercial para una tienda de informática sobre el producto: Rollo Etiq Jolli 2l 26x16 -elab/vencimie. Debe parecer escrita por un humano, clara, profesional y orientada a ventas. Primero un párrafo corto y luego características en líneas separadas.",
1690,"Escribe una descripción comercial para una tienda de informática sobre el producto: Rollo Etiq Motex 1l 22x12 -blanco Econ. Debe parecer escrita por un humano, clara, profesional y orientada a ventas. Primero un párrafo corto y luego características en líneas separadas.",
1699,"Escribe una descripción comercial para una tienda de informática sobre el producto: Rollo Term - 44x40x10 Ipc. Debe parecer escrita por un humano, clara, profesional y orientada a ventas. Primero un párrafo corto y luego características en líneas separadas.",
1703,"Escribe una descripción comercial para una tienda de informática sobre el producto: Rollo Term - 80x50 X 10 Br -48grs. Debe parecer escrita por un humano, clara, profesional y orientada a ventas. Primero un párrafo corto y luego características en líneas separadas.",
1710,"Escribe una descripción comercial para una tienda de informática sobre el producto: Rollo Term - 80x60x10 Ipc. Debe parecer escrita por un humano, clara, profesional y orientada a ventas. Primero un párrafo corto y luego características en líneas separadas.",
172,"Escribe una descripción comercial para una tienda de informática sobre el producto: Cable Alargue Monitor. Debe parecer escrita por un humano, clara, profesional y orientada a ventas. Primero un párrafo corto y luego características en líneas separadas.",
1727,"Escribe una descripción comercial para una tienda de informática sobre el producto: Rollo Term - 57x30 X10 Ipc. Debe parecer escrita por un humano, clara, profesional y orientada a ventas. Primero un párrafo corto y luego características en líneas separadas.",
173,"Escribe una descripción comercial para una tienda de informática sobre el producto: Cable Te.rulo Extra  Largo. Debe parecer escrita por un humano, clara, profesional y orientada a ventas. Primero un párrafo corto y luego características en líneas separadas.",
1737,"Escribe una descripción comercial para una tienda de informática sobre el producto: Rollo Oq - 76x28 X 10 - Br. Debe parecer escrita por un humano, clara, profesional y orientada a ventas. Primero un párrafo corto y luego características en líneas separadas.",
1743,"Escribe una descripción comercial para una tienda de informática sobre el producto: Rollo Etiq Motex 2l Elabor-venaciblancas. Debe parecer escrita por un humano, clara, profesional y orientada a ventas. Primero un párrafo corto y luego características en líneas separadas.",
1761,"Escribe una descripción comercial para una tienda de informática sobre el producto: Rollo Su Turno X 200. Debe parecer escrita por un humano, clara, profesional y orientada a ventas. Primero un párrafo corto y luego características en líneas separadas.",
1782,"Escribe una descripción comercial para una tienda de informática sobre el producto: Etiq.bal.64x32 Termicos Top X 500-  Br. Debe parecer escrita por un humano, clara, profesional y orientada a ventas. Primero un párrafo corto y luego características en líneas separadas.",
1783,"Escribe una descripción comercial para una tienda de informática sobre el producto: Rollo Etiq Motex 1l Fluor X 10. Debe parecer escrita por un humano, clara, profesional y orientada a ventas. Primero un párrafo corto y luego características en líneas separadas.",
1799,"Escribe una descripción comercial para una tienda de informática sobre el producto: Tarjeta De Reloj Ut2000 - F160. Debe parecer escrita por un humano, clara, profesional y orientada a ventas. Primero un párrafo corto y luego características en líneas separadas.",
1800,"Escribe una descripción comercial para una tienda de informática sobre el producto: Tarjeta De Reloj M30 X Unidad. Debe parecer escrita por un humano, clara, profesional y orientada a ventas. Primero un párrafo corto y luego características en líneas separadas.",
1808,"Escribe una descripción comercial para una tienda de informática sobre el producto: Pouch  60x90 150 Mic X 100 Unidades. Debe parecer escrita por un humano, clara, profesional y orientada a ventas. Primero un párrafo corto y luego características en líneas separadas.",
1813,"Escribe una descripción comercial para una tienda de informática sobre el producto: Tarjeta De Proximidad Mango. Debe parecer escrita por un humano, clara, profesional y orientada a ventas. Primero un párrafo corto y luego características en líneas separadas.",
18244,"Escribe una descripción comercial para una tienda de informática sobre el producto: Disco SSD M2 480 GB. Debe parecer escrita por un humano, clara, profesional y orientada a ventas. Primero un párrafo corto y luego características en líneas separadas.",
18247,"Escribe una descripción comercial para una tienda de informática sobre el producto: Disco SSD M2 120gb. Debe parecer escrita por un humano, clara, profesional y orientada a ventas. Primero un párrafo corto y luego características en líneas separadas.",
18248,"Escribe una descripción comercial para una tienda de informática sobre el producto: Disco Pc Mecanico Purple 2tb. Debe parecer escrita por un humano, clara, profesional y orientada a ventas. Primero un párrafo corto y luego características en líneas separadas.",
18249,"Escribe una descripción comercial para una tienda de informática sobre el producto: Disco Not. Mecanico 1 TB. Debe parecer escrita por un humano, clara, profesional y orientada a ventas. Primero un párrafo corto y luego características en líneas separadas.",
18250,"Escribe una descripción comercial para una tienda de informática sobre el producto: Disco Not. Mecanico 500 GB.. Debe parecer escrita por un humano, clara, profesional y orientada a ventas. Primero un párrafo corto y luego características en líneas separadas.",
18251,"Escribe una descripción comercial para una tienda de informática sobre el producto: Cargador Universal Para Notebook 65w. Debe parecer escrita por un humano, clara, profesional y orientada a ventas. Primero un párrafo corto y luego características en líneas separadas.",
18252,"Escribe una descripción comercial para una tienda de informática sobre el producto: Cargador Notebook Universal 90 W. Debe parecer escrita por un humano, clara, profesional y orientada a ventas. Primero un párrafo corto y luego características en líneas separadas.",
18253,"Escribe una descripción comercial para una tienda de informática sobre el producto: Cooler Pc C/luz. Debe parecer escrita por un humano, clara, profesional y orientada a ventas. Primero un párrafo corto y luego características en líneas separadas.",
18254,"Escribe una descripción comercial para una tienda de informática sobre el producto: Memoria Microsd 64gb. Debe parecer escrita por un humano, clara, profesional y orientada a ventas. Primero un párrafo corto y luego características en líneas separadas.",
18255,"Escribe una descripción comercial para una tienda de informática sobre el producto: Memoria Microsd 128gb. Debe parecer escrita por un humano, clara, profesional y orientada a ventas. Primero un párrafo corto y luego características en líneas separadas.",
18256,"Escribe una descripción comercial para una tienda de informática sobre el producto: Mouse Inalámbrico USB. Debe parecer escrita por un humano, clara, profesional y orientada a ventas. Primero un párrafo corto y luego características en líneas separadas.",
18257,"Escribe una descripción comercial para una tienda de informática sobre el producto: Teclado Inalámbrico USB. Debe parecer escrita por un humano, clara, profesional y orientada a ventas. Primero un párrafo corto y luego características en líneas separadas.",
18258,"Escribe una descripción comercial para una tienda de informática sobre el producto: Combo Teclado Y Mouse Logitech Mk120. Debe parecer escrita por un humano, clara, profesional y orientada a ventas. Primero un párrafo corto y luego características en líneas separadas.",
18259,"Escribe una descripción comercial para una tienda de informática sobre el producto: Teclado Numérico USB. Debe parecer escrita por un humano, clara, profesional y orientada a ventas. Primero un párrafo corto y luego características en líneas separadas.",
18260,"Escribe una descripción comercial para una tienda de informática sobre el producto: Mouse Inalámbrico Genius Eco-8100. Debe parecer escrita por un humano, clara, profesional y orientada a ventas. Primero un párrafo corto y luego características en líneas separadas.",
18261,"Escribe una descripción comercial para una tienda de informática sobre el producto: Mouse Inalámbrico Genius Ergo 8200s. Debe parecer escrita por un humano, clara, profesional y orientada a ventas. Primero un párrafo corto y luego características en líneas separadas.",
18262,"Escribe una descripción comercial para una tienda de informática sobre el producto: Mouse Inalámbrico Genius Nx-8000s. Debe parecer escrita por un humano, clara, profesional y orientada a ventas. Primero un párrafo corto y luego características en líneas separadas.",
18263,"Escribe una descripción comercial para una tienda de informática sobre el producto: Mouse Inalámbrico Genius Nx-7000segenius Nx-7000se. Debe parecer escrita por un humano, clara, profesional y orientada a ventas. Primero un párrafo corto y luego características en líneas separadas.",
18264,"Escribe una descripción comercial para una tienda de informática sobre el producto: Mouse Inalámbrico Genius Nx-7007genius Nx-7007. Debe parecer escrita por un humano, clara, profesional y orientada a ventas. Primero un párrafo corto y luego características en líneas separadas.",
18265,"Escribe una descripción comercial para una tienda de informática sobre el producto: Mouse Óptico Genius Dx-110 USB. Debe parecer escrita por un humano, clara, profesional y orientada a ventas. Primero un párrafo corto y luego características en líneas separadas.",
18266,"Escribe una descripción comercial para una tienda de informática sobre el producto: Mouse Óptico Genius Dx-120 USB. Debe parecer escrita por un humano, clara, profesional y orientada a ventas. Primero un párrafo corto y luego características en líneas separadas.",
18267,"Escribe una descripción comercial para una tienda de informática sobre el producto: Mouse Óptico Genius Dx-mini USB. Debe parecer escrita por un humano, clara, profesional y orientada a ventas. Primero un párrafo corto y luego características en líneas separadas.",
18268,"Escribe una descripción comercial para una tienda de informática sobre el producto: Mouse Logitech M110 Silent USB. Debe parecer escrita por un humano, clara, profesional y orientada a ventas. Primero un párrafo corto y luego características en líneas separadas.",
18269,"Escribe una descripción comercial para una tienda de informática sobre el producto: Mouse Óptico Bkt-m95 USB. Debe parecer escrita por un humano, clara, profesional y orientada a ventas. Primero un párrafo corto y luego características en líneas separadas.",
18270,"Escribe una descripción comercial para una tienda de informática sobre el producto: Mouse Óptico Bkt-m68 USB. Debe parecer escrita por un humano, clara, profesional y orientada a ventas. Primero un párrafo corto y luego características en líneas separadas.",
18271,"Escribe una descripción comercial para una tienda de informática sobre el producto: Mouse Inalámbrico Bkt-380w. Debe parecer escrita por un humano, clara, profesional y orientada a ventas. Primero un párrafo corto y luego características en líneas separadas.",
18272,"Escribe una descripción comercial para una tienda de informática sobre el producto: Mouse Óptico Bkt-335l USB. Debe parecer escrita por un humano, clara, profesional y orientada a ventas. Primero un párrafo corto y luego características en líneas separadas.",
18273,"Escribe una descripción comercial para una tienda de informática sobre el producto: Mouse Bkt Std. Debe parecer escrita por un humano, clara, profesional y orientada a ventas. Primero un párrafo corto y luego características en líneas separadas.",
18274,"Escribe una descripción comercial para una tienda de informática sobre el producto: Mouse Nkt Std. Debe parecer escrita por un humano, clara, profesional y orientada a ventas. Primero un párrafo corto y luego características en líneas separadas.",
18275,"Escribe una descripción comercial para una tienda de informática sobre el producto: Auriculares Bkt Bkt-407. Debe parecer escrita por un humano, clara, profesional y orientada a ventas. Primero un párrafo corto y luego características en líneas separadas.",
18276,"Escribe una descripción comercial para una tienda de informática sobre el producto: Auriculares Bkt H91. Debe parecer escrita por un humano, clara, profesional y orientada a ventas. Primero un párrafo corto y luego características en líneas separadas.",
18277,"Escribe una descripción comercial para una tienda de informática sobre el producto: Auriculares Bkt H-710. Debe parecer escrita por un humano, clara, profesional y orientada a ventas. Primero un párrafo corto y luego características en líneas separadas.",
18278,"Escribe una descripción comercial para una tienda de informática sobre el producto: Auriculares Bkt H-44. Debe parecer escrita por un humano, clara, profesional y orientada a ventas. Primero un párrafo corto y luego características en líneas separadas.",
18279,"Escribe una descripción comercial para una tienda de informática sobre el producto: Auriculares Bkt M-34. Debe parecer escrita por un humano, clara, profesional y orientada a ventas. Primero un párrafo corto y luego características en líneas separadas.",
18281,"Escribe una descripción comercial para una tienda de informática sobre el producto: Auriculares Generica Aug-91. Debe parecer escrita por un humano, clara, profesional y orientada a ventas. Primero un párrafo corto y luego características en líneas separadas.",
18282,"Escribe una descripción comercial para una tienda de informática sobre el producto: Auriculares Generica Std. Debe parecer escrita por un humano, clara, profesional y orientada a ventas. Primero un párrafo corto y luego características en líneas separadas.",
18285,"Escribe una descripción comercial para una tienda de informática sobre el producto: Auriculares Genius Hs-04s. Debe parecer escrita por un humano, clara, profesional y orientada a ventas. Primero un párrafo corto y luego características en líneas separadas.",
18286,"Escribe una descripción comercial para una tienda de informática sobre el producto: Impresora Laser Brother 1200. Debe parecer escrita por un humano, clara, profesional y orientada a ventas. Primero un párrafo corto y luego características en líneas separadas.",
18287,"Escribe una descripción comercial para una tienda de informática sobre el producto: Impresora Laser Brother 1212w. Debe parecer escrita por un humano, clara, profesional y orientada a ventas. Primero un párrafo corto y luego características en líneas separadas.",
18288,"Escribe una descripción comercial para una tienda de informática sobre el producto: Impresora Laser Xerox 3020. Debe parecer escrita por un humano, clara, profesional y orientada a ventas. Primero un párrafo corto y luego características en líneas separadas.",
18290,"Escribe una descripción comercial para una tienda de informática sobre el producto: Hasar R-6100 - Hshsac0000038324. Debe parecer escrita por un humano, clara, profesional y orientada a ventas. Primero un párrafo corto y luego características en líneas separadas.",
18291,"Escribe una descripción comercial para una tienda de informática sobre el producto: Extensor De Rango Mercusys. Debe parecer escrita por un humano, clara, profesional y orientada a ventas. Primero un párrafo corto y luego características en líneas separadas.",
18292,"Escribe una descripción comercial para una tienda de informática sobre el producto: Placa De Red Tp-link Wn823. Debe parecer escrita por un humano, clara, profesional y orientada a ventas. Primero un párrafo corto y luego características en líneas separadas.",
18293,"Escribe una descripción comercial para una tienda de informática sobre el producto: Placa  De Red Pci E Tg 3468. Debe parecer escrita por un humano, clara, profesional y orientada a ventas. Primero un párrafo corto y luego características en líneas separadas.",
18294,"Escribe una descripción comercial para una tienda de informática sobre el producto: Placa De Red Wifi D.link Dnd 525. Debe parecer escrita por un humano, clara, profesional y orientada a ventas. Primero un párrafo corto y luego características en líneas separadas.",
18296,"Escribe una descripción comercial para una tienda de informática sobre el producto: Mouse Logitech 220. Debe parecer escrita por un humano, clara, profesional y orientada a ventas. Primero un párrafo corto y luego características en líneas separadas.",
18297,"Escribe una descripción comercial para una tienda de informática sobre el producto: Teclado Logitech 270. Debe parecer escrita por un humano, clara, profesional y orientada a ventas. Primero un párrafo corto y luego características en líneas separadas.",
18298,"Escribe una descripción comercial para una tienda de informática sobre el producto: Teclado Genius 7230. Debe parecer escrita por un humano, clara, profesional y orientada a ventas. Primero un párrafo corto y luego características en líneas separadas.",
18299,"Escribe una descripción comercial para una tienda de informática sobre el producto: Teclado Genius 100. Debe parecer escrita por un humano, clara, profesional y orientada a ventas. Primero un párrafo corto y luego características en líneas separadas.",
18300,"Escribe una descripción comercial para una tienda de informática sobre el producto: Teclado Bkt 2140. Debe parecer escrita por un humano, clara, profesional y orientada a ventas. Primero un párrafo corto y luego características en líneas separadas.",
18301,"Escribe una descripción comercial para una tienda de informática sobre el producto: Teclado Bkt 101. Debe parecer escrita por un humano, clara, profesional y orientada a ventas. Primero un párrafo corto y luego características en líneas separadas.",
18302,"Escribe una descripción comercial para una tienda de informática sobre el producto: Memoria 46 B DDRr 3. Debe parecer escrita por un humano, clara, profesional y orientada a ventas. Primero un párrafo corto y luego características en líneas separadas.",
18303,"Escribe una descripción comercial para una tienda de informática sobre el producto: Disco SSD M2 240. Debe parecer escrita por un humano, clara, profesional y orientada a ventas. Primero un párrafo corto y luego características en líneas separadas.",
18308,"Escribe una descripción comercial para una tienda de informática sobre el producto: Fk-1150 (p2235/40/m2135/2040/26. Debe parecer escrita por un humano, clara, profesional y orientada a ventas. Primero un párrafo corto y luego características en líneas separadas.",
18309,"Escribe una descripción comercial para una tienda de informática sobre el producto: Goberry. Debe parecer escrita por un humano, clara, profesional y orientada a ventas. Primero un párrafo corto y luego características en líneas separadas.",
18310,"Escribe una descripción comercial para una tienda de informática sobre el producto: Bal.systel Clipse Usada 30 Kg. N*202710-. Debe parecer escrita por un humano, clara, profesional y orientada a ventas. Primero un párrafo corto y luego características en líneas separadas.",
18316,"Escribe una descripción comercial para una tienda de informática sobre el producto: Toner Samsung 111lnc New Chip 1 8 K Leon. Debe parecer escrita por un humano, clara, profesional y orientada a ventas. Primero un párrafo corto y luego características en líneas separadas.",
18317,"Escribe una descripción comercial para una tienda de informática sobre el producto: Fk-3300. Debe parecer escrita por un humano, clara, profesional y orientada a ventas. Primero un párrafo corto y luego características en líneas separadas.",
18319,"Escribe una descripción comercial para una tienda de informática sobre el producto: Fuente Vapex 9v - 2amp. Debe parecer escrita por un humano, clara, profesional y orientada a ventas. Primero un párrafo corto y luego características en líneas separadas.",
18327,"Escribe una descripción comercial para una tienda de informática sobre el producto: Z  Grasa Siliconada Calor Con Particulas. Debe parecer escrita por un humano, clara, profesional y orientada a ventas. Primero un párrafo corto y luego características en líneas separadas.",
18329,"Escribe una descripción comercial para una tienda de informática sobre el producto: Z  Mate Cocido X 50 Unidades. Debe parecer escrita por un humano, clara, profesional y orientada a ventas. Primero un párrafo corto y luego características en líneas separadas.",
18330,"Escribe una descripción comercial para una tienda de informática sobre el producto: Comandera Eliprinter Sol 57. Debe parecer escrita por un humano, clara, profesional y orientada a ventas. Primero un párrafo corto y luego características en líneas separadas.",
18332,"Escribe una descripción comercial para una tienda de informática sobre el producto: Casio Jw-200sc- Azul Marino - 12 Digitos. Debe parecer escrita por un humano, clara, profesional y orientada a ventas. Primero un párrafo corto y luego características en líneas separadas.",
18333,"Escribe una descripción comercial para una tienda de informática sobre el producto: Casio Jw-200sc- Dorada - 12 Digitos. Debe parecer escrita por un humano, clara, profesional y orientada a ventas. Primero un párrafo corto y luego características en líneas separadas.",
18337,"Escribe una descripción comercial para una tienda de informática sobre el producto: Cifra Pr-235 N*   617 -  Reacondicionada. Debe parecer escrita por un humano, clara, profesional y orientada a ventas. Primero un párrafo corto y luego características en líneas separadas.",
18338,"Escribe una descripción comercial para una tienda de informática sobre el producto: Impresora Laser Hp M111w. Debe parecer escrita por un humano, clara, profesional y orientada a ventas. Primero un párrafo corto y luego características en líneas separadas.",
18339,"Escribe una descripción comercial para una tienda de informática sobre el producto: Casio Fx-570 Lacw -550 Funciones. Debe parecer escrita por un humano, clara, profesional y orientada a ventas. Primero un párrafo corto y luego características en líneas separadas.",
18343,"Escribe una descripción comercial para una tienda de informática sobre el producto: Atencion Fiscal - Actualizacion Firware. Debe parecer escrita por un humano, clara, profesional y orientada a ventas. Primero un párrafo corto y luego características en líneas separadas.",
18345,"Escribe una descripción comercial para una tienda de informática sobre el producto: Impresora Laser Color. Debe parecer escrita por un humano, clara, profesional y orientada a ventas. Primero un párrafo corto y luego características en líneas separadas.",
18346,"Escribe una descripción comercial para una tienda de informática sobre el producto: Impresora Cod. Barra 301td. Debe parecer escrita por un humano, clara, profesional y orientada a ventas. Primero un párrafo corto y luego características en líneas separadas.",
18347,"Escribe una descripción comercial para una tienda de informática sobre el producto: Z  Limpieza Local. Debe parecer escrita por un humano, clara, profesional y orientada a ventas. Primero un párrafo corto y luego características en líneas separadas.",
18348,"Escribe una descripción comercial para una tienda de informática sobre el producto: Toner Samsung 2850. Debe parecer escrita por un humano, clara, profesional y orientada a ventas. Primero un párrafo corto y luego características en líneas separadas.",
18349,"Escribe una descripción comercial para una tienda de informática sobre el producto: Casio Ms-80b. Debe parecer escrita por un humano, clara, profesional y orientada a ventas. Primero un párrafo corto y luego características en líneas separadas.",
18350,"Escribe una descripción comercial para una tienda de informática sobre el producto: Pintura De Grafito Coonductiva Control. Debe parecer escrita por un humano, clara, profesional y orientada a ventas. Primero un párrafo corto y luego características en líneas separadas.",
18352,"Escribe una descripción comercial para una tienda de informática sobre el producto: Ribon 110 X 300 Cera. Debe parecer escrita por un humano, clara, profesional y orientada a ventas. Primero un párrafo corto y luego características en líneas separadas.",
18354,"Escribe una descripción comercial para una tienda de informática sobre el producto: Impresora Cod. Barra 3nstar Ltt334. Debe parecer escrita por un humano, clara, profesional y orientada a ventas. Primero un párrafo corto y luego características en líneas separadas.",
18356,"Escribe una descripción comercial para una tienda de informática sobre el producto: Licencia Posberry  Oem. Debe parecer escrita por un humano, clara, profesional y orientada a ventas. Primero un párrafo corto y luego características en líneas separadas.",
18364,"Escribe una descripción comercial para una tienda de informática sobre el producto: Reloj Facial  Hikvision  K1t321mfwx. Debe parecer escrita por un humano, clara, profesional y orientada a ventas. Primero un párrafo corto y luego características en líneas separadas.",
18365,"Escribe una descripción comercial para una tienda de informática sobre el producto: Reloj Facial  Hikvision  K1t320mfwx. Debe parecer escrita por un humano, clara, profesional y orientada a ventas. Primero un párrafo corto y luego características en líneas separadas.",
18366,"Escribe una descripción comercial para una tienda de informática sobre el producto: Comandera Global Tps80-usb. Debe parecer escrita por un humano, clara, profesional y orientada a ventas. Primero un párrafo corto y luego características en líneas separadas.",
18367,"Escribe una descripción comercial para una tienda de informática sobre el producto: Drum Hp 314d  Bj. Debe parecer escrita por un humano, clara, profesional y orientada a ventas. Primero un párrafo corto y luego características en líneas separadas.",
18368,"Escribe una descripción comercial para una tienda de informática sobre el producto: Impresora  Brother Usada 1212 S/n 147681. Debe parecer escrita por un humano, clara, profesional y orientada a ventas. Primero un párrafo corto y luego características en líneas separadas.",
18369,"Escribe una descripción comercial para una tienda de informática sobre el producto: Balanza  Brilia. Debe parecer escrita por un humano, clara, profesional y orientada a ventas. Primero un párrafo corto y luego características en líneas separadas.",
18370,"Escribe una descripción comercial para una tienda de informática sobre el producto: Lubricante Wd-40. Debe parecer escrita por un humano, clara, profesional y orientada a ventas. Primero un párrafo corto y luego características en líneas separadas.",
18372,"Escribe una descripción comercial para una tienda de informática sobre el producto: Impresora Hp M1522 - 9b68b5v (p.nidia). Debe parecer escrita por un humano, clara, profesional y orientada a ventas. Primero un párrafo corto y luego características en líneas separadas.",
18376,"Escribe una descripción comercial para una tienda de informática sobre el producto: Cifra B-66w. Debe parecer escrita por un humano, clara, profesional y orientada a ventas. Primero un párrafo corto y luego características en líneas separadas.",
18377,"Escribe una descripción comercial para una tienda de informática sobre el producto: Magnum A4 - 75grs. Debe parecer escrita por un humano, clara, profesional y orientada a ventas. Primero un párrafo corto y luego características en líneas separadas.",
18382,"Escribe una descripción comercial para una tienda de informática sobre el producto: Impresora Brother Mfp 430w Sist. Cont.. Debe parecer escrita por un humano, clara, profesional y orientada a ventas. Primero un párrafo corto y luego características en líneas separadas.",
18383,"Escribe una descripción comercial para una tienda de informática sobre el producto: Sam Nr -330 Seshra0000049007. Debe parecer escrita por un humano, clara, profesional y orientada a ventas. Primero un párrafo corto y luego características en líneas separadas.",
18384,"Escribe una descripción comercial para una tienda de informática sobre el producto: Sam4s Nr-330 Seshra0000049040. Debe parecer escrita por un humano, clara, profesional y orientada a ventas. Primero un párrafo corto y luego características en líneas separadas.",
18385,"Escribe una descripción comercial para una tienda de informática sobre el producto: Hasar R-6100 -hshsac0000040389. Debe parecer escrita por un humano, clara, profesional y orientada a ventas. Primero un párrafo corto y luego características en líneas separadas.",
18386,"Escribe una descripción comercial para una tienda de informática sobre el producto: Magnum A4 - 75 Grs   X10 Resmas. Debe parecer escrita por un humano, clara, profesional y orientada a ventas. Primero un párrafo corto y luego características en líneas separadas.",
18387,"Escribe una descripción comercial para una tienda de informática sobre el producto: Flete. Debe parecer escrita por un humano, clara, profesional y orientada a ventas. Primero un párrafo corto y luego características en líneas separadas.",
18388,"Escribe una descripción comercial para una tienda de informática sobre el producto: Varios Productos. Debe parecer escrita por un humano, clara, profesional y orientada a ventas. Primero un párrafo corto y luego características en líneas separadas.",
18390,"Escribe una descripción comercial para una tienda de informática sobre el producto: . Debe parecer escrita por un humano, clara, profesional y orientada a ventas. Primero un párrafo corto y luego características en líneas separadas.",
18391,"Escribe una descripción comercial para una tienda de informática sobre el producto: Hasar R-6100 -hshsac0000040288. Debe parecer escrita por un humano, clara, profesional y orientada a ventas. Primero un párrafo corto y luego características en líneas separadas.",
18392,"Escribe una descripción comercial para una tienda de informática sobre el producto: Lector Elicode 2303  1d - 2d - USB. Debe parecer escrita por un humano, clara, profesional y orientada a ventas. Primero un párrafo corto y luego características en líneas separadas.",
18393,"Escribe una descripción comercial para una tienda de informática sobre el producto: Sam4s Nr-330 Seshra0000050280. Debe parecer escrita por un humano, clara, profesional y orientada a ventas. Primero un párrafo corto y luego características en líneas separadas.",
18394,"Escribe una descripción comercial para una tienda de informática sobre el producto: Hasar R-6100 - Hshsac0000040458. Debe parecer escrita por un humano, clara, profesional y orientada a ventas. Primero un párrafo corto y luego características en líneas separadas.",
18395,"Escribe una descripción comercial para una tienda de informática sobre el producto: Hasar R-6100 - Hshsac0000040459. Debe parecer escrita por un humano, clara, profesional y orientada a ventas. Primero un párrafo corto y luego características en líneas separadas.",
18396,"Escribe una descripción comercial para una tienda de informática sobre el producto: Balanza Kretz Aura 30kg-multi Reango Ppi C/ba-. Debe parecer escrita por un humano, clara, profesional y orientada a ventas. Primero un párrafo corto y luego características en líneas separadas.",
18397,"Escribe una descripción comercial para una tienda de informática sobre el producto: Mouse Logitech M190. Debe parecer escrita por un humano, clara, profesional y orientada a ventas. Primero un párrafo corto y luego características en líneas separadas.",
18398,"Escribe una descripción comercial para una tienda de informática sobre el producto: Teclado Genius 820. Debe parecer escrita por un humano, clara, profesional y orientada a ventas. Primero un párrafo corto y luego características en líneas separadas.",
18399,"Escribe una descripción comercial para una tienda de informática sobre el producto: Teclado Genius Kb-117. Debe parecer escrita por un humano, clara, profesional y orientada a ventas. Primero un párrafo corto y luego características en líneas separadas.",
18400,"Escribe una descripción comercial para una tienda de informática sobre el producto: Tinta Brother Pack Tres Colores. Debe parecer escrita por un humano, clara, profesional y orientada a ventas. Primero un párrafo corto y luego características en líneas separadas.",
18401,"Escribe una descripción comercial para una tienda de informática sobre el producto: Tinta Brother Negro 420. Debe parecer escrita por un humano, clara, profesional y orientada a ventas. Primero un párrafo corto y luego características en líneas separadas.",
18402,"Escribe una descripción comercial para una tienda de informática sobre el producto: Candado Para Moto 25mm 1.50mts Infinity Tech. Debe parecer escrita por un humano, clara, profesional y orientada a ventas. Primero un párrafo corto y luego características en líneas separadas.",
1847,"Escribe una descripción comercial para una tienda de informática sobre el producto: Lector Hasar 9020 2d USB C/soporte. Debe parecer escrita por un humano, clara, profesional y orientada a ventas. Primero un párrafo corto y luego características en líneas separadas.",
1850,"Escribe una descripción comercial para una tienda de informática sobre el producto: Tesoro 1000 13x21x9 C. Debe parecer escrita por un humano, clara, profesional y orientada a ventas. Primero un párrafo corto y luego características en líneas separadas.",
1864,"Escribe una descripción comercial para una tienda de informática sobre el producto: Tesoro Luz N1 8x11x15. Debe parecer escrita por un humano, clara, profesional y orientada a ventas. Primero un párrafo corto y luego características en líneas separadas.",
1865,"Escribe una descripción comercial para una tienda de informática sobre el producto: Tesoro Luz N2 8x11x20. Debe parecer escrita por un humano, clara, profesional y orientada a ventas. Primero un párrafo corto y luego características en líneas separadas.",
1866,"Escribe una descripción comercial para una tienda de informática sobre el producto: Tesoro Luz N3 16x11x15. Debe parecer escrita por un humano, clara, profesional y orientada a ventas. Primero un párrafo corto y luego características en líneas separadas.",
1867,"Escribe una descripción comercial para una tienda de informática sobre el producto: Tesoro Luz N4 20x11x20- Doble Fondo. Debe parecer escrita por un humano, clara, profesional y orientada a ventas. Primero un párrafo corto y luego características en líneas separadas.",
1868,"Escribe una descripción comercial para una tienda de informática sobre el producto: Tesoro 1010 20x30x20. Debe parecer escrita por un humano, clara, profesional y orientada a ventas. Primero un párrafo corto y luego características en líneas separadas.",
1869,"Escribe una descripción comercial para una tienda de informática sobre el producto: Tesoro 1020 25x35x20 Cerradur Y 1 Estant. Debe parecer escrita por un humano, clara, profesional y orientada a ventas. Primero un párrafo corto y luego características en líneas separadas.",
1871,"Escribe una descripción comercial para una tienda de informática sobre el producto: Tesoro 1030 30x40x20 Cerradura Y 1 Est. Debe parecer escrita por un humano, clara, profesional y orientada a ventas. Primero un párrafo corto y luego características en líneas separadas.",
1876,"Escribe una descripción comercial para una tienda de informática sobre el producto: Tesoro 1100 Buz.recaud.p/trans. Debe parecer escrita por un humano, clara, profesional y orientada a ventas. Primero un párrafo corto y luego características en líneas separadas.",
1879,"Escribe una descripción comercial para una tienda de informática sobre el producto: Tesoro Biometrico Electronico Y Huella Dac. Debe parecer escrita por un humano, clara, profesional y orientada a ventas. Primero un párrafo corto y luego características en líneas separadas.",
198,"Escribe una descripción comercial para una tienda de informática sobre el producto: Detector Mod.4-p Portatil. Debe parecer escrita por un humano, clara, profesional y orientada a ventas. Primero un párrafo corto y luego características en líneas separadas.",
1984,"Escribe una descripción comercial para una tienda de informática sobre el producto: Tinta Epson T2063 - Magenta - Coprint. Debe parecer escrita por un humano, clara, profesional y orientada a ventas. Primero un párrafo corto y luego características en líneas separadas.",
1985,"Escribe una descripción comercial para una tienda de informática sobre el producto: Tinta Epson T206 - Cyan - Gneiss. Debe parecer escrita por un humano, clara, profesional y orientada a ventas. Primero un párrafo corto y luego características en líneas separadas.",
1998,"Escribe una descripción comercial para una tienda de informática sobre el producto: Tinta Epson T2061 -negra - Bj. Debe parecer escrita por un humano, clara, profesional y orientada a ventas. Primero un párrafo corto y luego características en líneas separadas.",
2002,"Escribe una descripción comercial para una tienda de informática sobre el producto: Tinta Epson T297 Negra Leon. Debe parecer escrita por un humano, clara, profesional y orientada a ventas. Primero un párrafo corto y luego características en líneas separadas.",
2010,"Escribe una descripción comercial para una tienda de informática sobre el producto: Tinta Epson T1334  Amarillo Bj. Debe parecer escrita por un humano, clara, profesional y orientada a ventas. Primero un párrafo corto y luego características en líneas separadas.",
2013,"Escribe una descripción comercial para una tienda de informática sobre el producto: Tinta Epson T2064 - Amarillo - Bj. Debe parecer escrita por un humano, clara, profesional y orientada a ventas. Primero un párrafo corto y luego características en líneas separadas.",
202,"Escribe una descripción comercial para una tienda de informática sobre el producto: Detector De Biilletes Dasa Db-15w-led. Debe parecer escrita por un humano, clara, profesional y orientada a ventas. Primero un párrafo corto y luego características en líneas separadas.",
2024,"Escribe una descripción comercial para una tienda de informática sobre el producto: Tinta Epson T634  Bj - Amarilla. Debe parecer escrita por un humano, clara, profesional y orientada a ventas. Primero un párrafo corto y luego características en líneas separadas.",
2025,"Escribe una descripción comercial para una tienda de informática sobre el producto: Tinta Epson T632  Bj - Cyan. Debe parecer escrita por un humano, clara, profesional y orientada a ventas. Primero un párrafo corto y luego características en líneas separadas.",
2026,"Escribe una descripción comercial para una tienda de informática sobre el producto: Tinta Epson T633  Bj - Magenta. Debe parecer escrita por un humano, clara, profesional y orientada a ventas. Primero un párrafo corto y luego características en líneas separadas.",
2027,"Escribe una descripción comercial para una tienda de informática sobre el producto: Tinta Epson T63420 Amarillo S/garantia. Debe parecer escrita por un humano, clara, profesional y orientada a ventas. Primero un párrafo corto y luego características en líneas separadas.",
2049,"Escribe una descripción comercial para una tienda de informática sobre el producto: Caset Rotul Brother M-231-12mm-8mt. Debe parecer escrita por un humano, clara, profesional y orientada a ventas. Primero un párrafo corto y luego características en líneas separadas.",
2116,"Escribe una descripción comercial para una tienda de informática sobre el producto: Pilas Energizer Alcalina  Aaax 1. Debe parecer escrita por un humano, clara, profesional y orientada a ventas. Primero un párrafo corto y luego características en líneas separadas.",
213,"Escribe una descripción comercial para una tienda de informática sobre el producto: Destructora Primo Hsm X5 (4x38 Mm). Debe parecer escrita por un humano, clara, profesional y orientada a ventas. Primero un párrafo corto y luego características en líneas separadas.",
2132,"Escribe una descripción comercial para una tienda de informática sobre el producto: Toner Ricoh 3710 - Negro - Leon. Debe parecer escrita por un humano, clara, profesional y orientada a ventas. Primero un párrafo corto y luego características en líneas separadas.",
2161,"Escribe una descripción comercial para una tienda de informática sobre el producto: Toner Hp 350u - Negro - Bj. Debe parecer escrita por un humano, clara, profesional y orientada a ventas. Primero un párrafo corto y luego características en líneas separadas.",
2181,"Escribe una descripción comercial para una tienda de informática sobre el producto: Toner Pantum Kit P2500/m6550 (chip Y Ton. Debe parecer escrita por un humano, clara, profesional y orientada a ventas. Primero un párrafo corto y luego características en líneas separadas.",
2184,"Escribe una descripción comercial para una tienda de informática sobre el producto: Tinta Hp 667xl Negro Gneiss. Debe parecer escrita por un humano, clara, profesional y orientada a ventas. Primero un párrafo corto y luego características en líneas separadas.",
2190,"Escribe una descripción comercial para una tienda de informática sobre el producto: Tinta Hp 662xl Negro Blow Ink - 22ml. Debe parecer escrita por un humano, clara, profesional y orientada a ventas. Primero un párrafo corto y luego características en líneas separadas.",
2223,"Escribe una descripción comercial para una tienda de informática sobre el producto: Toner Hp U613 -13a/24a/15a Bj. Debe parecer escrita por un humano, clara, profesional y orientada a ventas. Primero un párrafo corto y luego características en líneas separadas.",
2226,"Escribe una descripción comercial para una tienda de informática sobre el producto: Toner Hp 105a  Con Chip Leon. Debe parecer escrita por un humano, clara, profesional y orientada a ventas. Primero un párrafo corto y luego características en líneas separadas.",
2228,"Escribe una descripción comercial para una tienda de informática sobre el producto: Tinta Hp 667xl Negro Leon. Debe parecer escrita por un humano, clara, profesional y orientada a ventas. Primero un párrafo corto y luego características en líneas separadas.",
2262,"Escribe una descripción comercial para una tienda de informática sobre el producto: Tinta Brother Bt D100 M. Debe parecer escrita por un humano, clara, profesional y orientada a ventas. Primero un párrafo corto y luego características en líneas separadas.",
2265,"Escribe una descripción comercial para una tienda de informática sobre el producto: Tinta Brother Bt D100 Bk. Debe parecer escrita por un humano, clara, profesional y orientada a ventas. Primero un párrafo corto y luego características en líneas separadas.",
2267,"Escribe una descripción comercial para una tienda de informática sobre el producto: Tinta Epson T1333 Magenta Coprint. Debe parecer escrita por un humano, clara, profesional y orientada a ventas. Primero un párrafo corto y luego características en líneas separadas.",
2271,"Escribe una descripción comercial para una tienda de informática sobre el producto: Tinta Epson T641 Negro Bj 70 Ml. Debe parecer escrita por un humano, clara, profesional y orientada a ventas. Primero un párrafo corto y luego características en líneas separadas.",
228,"Escribe una descripción comercial para una tienda de informática sobre el producto: Etiquetadora Maruzen Mx 5500 - 1l 8 D. Debe parecer escrita por un humano, clara, profesional y orientada a ventas. Primero un párrafo corto y luego características en líneas separadas.",
2286,"Escribe una descripción comercial para una tienda de informática sobre el producto: Cable USB Ab 1 80mts. Debe parecer escrita por un humano, clara, profesional y orientada a ventas. Primero un párrafo corto y luego características en líneas separadas.",
2287,"Escribe una descripción comercial para una tienda de informática sobre el producto: Cable USB A-b 3 Mts Con Luz. Debe parecer escrita por un humano, clara, profesional y orientada a ventas. Primero un párrafo corto y luego características en líneas separadas.",
2291,"Escribe una descripción comercial para una tienda de informática sobre el producto: Tinta Hp 667xl Color Global. Debe parecer escrita por un humano, clara, profesional y orientada a ventas. Primero un párrafo corto y luego características en líneas separadas.",
2296,"Escribe una descripción comercial para una tienda de informática sobre el producto: Toner Hp M512  Yellow  Bj. Debe parecer escrita por un humano, clara, profesional y orientada a ventas. Primero un párrafo corto y luego características en líneas separadas.",
2300,"Escribe una descripción comercial para una tienda de informática sobre el producto: Toner Hp 230  - Con/chip - Leon. Debe parecer escrita por un humano, clara, profesional y orientada a ventas. Primero un párrafo corto y luego características en líneas separadas.",
233,"Escribe una descripción comercial para una tienda de informática sobre el producto: Entinta.ir-40  Cifra. Debe parecer escrita por un humano, clara, profesional y orientada a ventas. Primero un párrafo corto y luego características en líneas separadas.",
2332,"Escribe una descripción comercial para una tienda de informática sobre el producto: Toner Hp 255a - Leon. Debe parecer escrita por un humano, clara, profesional y orientada a ventas. Primero un párrafo corto y luego características en líneas separadas.",
234,"Escribe una descripción comercial para una tienda de informática sobre el producto: Entinta.ir-40t Bicolor. Debe parecer escrita por un humano, clara, profesional y orientada a ventas. Primero un párrafo corto y luego características en líneas separadas.",
2410,"Escribe una descripción comercial para una tienda de informática sobre el producto: Orator - Calculadora -calendario-despertador. Debe parecer escrita por un humano, clara, profesional y orientada a ventas. Primero un párrafo corto y luego características en líneas separadas.",
242,"Escribe una descripción comercial para una tienda de informática sobre el producto: Entinta.maruzen 1l -mx5500. Debe parecer escrita por un humano, clara, profesional y orientada a ventas. Primero un párrafo corto y luego características en líneas separadas.",
2441,"Escribe una descripción comercial para una tienda de informática sobre el producto: Tinta Epson T1951 Negra Bj. Debe parecer escrita por un humano, clara, profesional y orientada a ventas. Primero un párrafo corto y luego características en líneas separadas.",
2444,"Escribe una descripción comercial para una tienda de informática sobre el producto: Tinta Trabi P/marcador Pizarra Negro. Debe parecer escrita por un humano, clara, profesional y orientada a ventas. Primero un párrafo corto y luego características en líneas separadas.",
245,"Escribe una descripción comercial para una tienda de informática sobre el producto: Entinta.motex 1l. Debe parecer escrita por un humano, clara, profesional y orientada a ventas. Primero un párrafo corto y luego características en líneas separadas.",
246,"Escribe una descripción comercial para una tienda de informática sobre el producto: Entinta.motex 2l. Debe parecer escrita por un humano, clara, profesional y orientada a ventas. Primero un párrafo corto y luego características en líneas separadas.",
2460,"Escribe una descripción comercial para una tienda de informática sobre el producto: Tinta Epson T2062 - Cyan - Coprin. Debe parecer escrita por un humano, clara, profesional y orientada a ventas. Primero un párrafo corto y luego características en líneas separadas.",
2463,"Escribe una descripción comercial para una tienda de informática sobre el producto: Tinta Epson T1971 Negro Chip Nuevo-ev. Debe parecer escrita por un humano, clara, profesional y orientada a ventas. Primero un párrafo corto y luego características en líneas separadas.",
2465,"Escribe una descripción comercial para una tienda de informática sobre el producto: Tinta Epson T2962 Cyan Bj. Debe parecer escrita por un humano, clara, profesional y orientada a ventas. Primero un párrafo corto y luego características en líneas separadas.",
2468,"Escribe una descripción comercial para una tienda de informática sobre el producto: Tinta Epson T2062 - Cyan - Bj. Debe parecer escrita por un humano, clara, profesional y orientada a ventas. Primero un párrafo corto y luego características en líneas separadas.",
2474,"Escribe una descripción comercial para una tienda de informática sobre el producto: Tinta Hp 667xl Color Leon. Debe parecer escrita por un humano, clara, profesional y orientada a ventas. Primero un párrafo corto y luego características en líneas separadas.",
2511,"Escribe una descripción comercial para una tienda de informática sobre el producto: Casio Ms- 7uc. Debe parecer escrita por un humano, clara, profesional y orientada a ventas. Primero un párrafo corto y luego características en líneas separadas.",
2512,"Escribe una descripción comercial para una tienda de informática sobre el producto: Casio Ms- 100 Bm. Debe parecer escrita por un humano, clara, profesional y orientada a ventas. Primero un párrafo corto y luego características en líneas separadas.",
2513,"Escribe una descripción comercial para una tienda de informática sobre el producto: Casio Fx-82la Cw 300  Funciones. Debe parecer escrita por un humano, clara, profesional y orientada a ventas. Primero un párrafo corto y luego características en líneas separadas.",
2588,"Escribe una descripción comercial para una tienda de informática sobre el producto: Ledes  Punax  A4 75grs 210x297. Debe parecer escrita por un humano, clara, profesional y orientada a ventas. Primero un párrafo corto y luego características en líneas separadas.",
2589,"Escribe una descripción comercial para una tienda de informática sobre el producto: Ledes  Autor A4 80g 210x297. Debe parecer escrita por un humano, clara, profesional y orientada a ventas. Primero un párrafo corto y luego características en líneas separadas.",
2597,"Escribe una descripción comercial para una tienda de informática sobre el producto: Ledes Autor A4 80gs. Color 250 Hj.. Debe parecer escrita por un humano, clara, profesional y orientada a ventas. Primero un párrafo corto y luego características en líneas separadas.",
2599,"Escribe una descripción comercial para una tienda de informática sobre el producto: Ledes  Nat A4 - 75 Grs 21x 29 7 -. Debe parecer escrita por un humano, clara, profesional y orientada a ventas. Primero un párrafo corto y luego características en líneas separadas.",
2601,"Escribe una descripción comercial para una tienda de informática sobre el producto: Ledes  Autor A4 75g  210x297. Debe parecer escrita por un humano, clara, profesional y orientada a ventas. Primero un párrafo corto y luego características en líneas separadas.",
2603,"Escribe una descripción comercial para una tienda de informática sobre el producto: Rollo 57x40x10 - Ipc. Debe parecer escrita por un humano, clara, profesional y orientada a ventas. Primero un párrafo corto y luego características en líneas separadas.",
2607,"Escribe una descripción comercial para una tienda de informática sobre el producto: Rollo Term - 57x30x10 (48) Br. Debe parecer escrita por un humano, clara, profesional y orientada a ventas. Primero un párrafo corto y luego características en líneas separadas.",
2609,"Escribe una descripción comercial para una tienda de informática sobre el producto: Rollo Hus - 1157 - 57x30x10u. Debe parecer escrita por un humano, clara, profesional y orientada a ventas. Primero un párrafo corto y luego características en líneas separadas.",
2637,"Escribe una descripción comercial para una tienda de informática sobre el producto: Form-3128- 12x25x1 Pl-6. Debe parecer escrita por un humano, clara, profesional y orientada a ventas. Primero un párrafo corto y luego características en líneas separadas.",
2638,"Escribe una descripción comercial para una tienda de informática sobre el producto: Form-3129- 12x25x1 Pl-cruz. Debe parecer escrita por un humano, clara, profesional y orientada a ventas. Primero un párrafo corto y luego características en líneas separadas.",
2640,"Escribe una descripción comercial para una tienda de informática sobre el producto: Form-3135- 12x25x1 - 70gr. Debe parecer escrita por un humano, clara, profesional y orientada a ventas. Primero un párrafo corto y luego características en líneas separadas.",
2656,"Escribe una descripción comercial para una tienda de informática sobre el producto: Etiq Hus H34121 X 100hj  A4. Debe parecer escrita por un humano, clara, profesional y orientada a ventas. Primero un párrafo corto y luego características en líneas separadas.",
2689,"Escribe una descripción comercial para una tienda de informática sobre el producto: Hus- A4 - 7875 - 90g X 400hj  -desing. Debe parecer escrita por un humano, clara, profesional y orientada a ventas. Primero un párrafo corto y luego características en líneas separadas.",
2690,"Escribe una descripción comercial para una tienda de informática sobre el producto: Hus- A4 - 7879 - 90g X 100hj  -desing. Debe parecer escrita por un humano, clara, profesional y orientada a ventas. Primero un párrafo corto y luego características en líneas separadas.",
2691,"Escribe una descripción comercial para una tienda de informática sobre el producto: Hus- A4 - 7880 - 120gx 100hj -desing. Debe parecer escrita por un humano, clara, profesional y orientada a ventas. Primero un párrafo corto y luego características en líneas separadas.",
2692,"Escribe una descripción comercial para una tienda de informática sobre el producto: Hus- A4 - 7891- Fotograf-pre.150g X20hj. Debe parecer escrita por un humano, clara, profesional y orientada a ventas. Primero un párrafo corto y luego características en líneas separadas.",
27,"Escribe una descripción comercial para una tienda de informática sobre el producto: Z  Yerba X 1/2 Kg. Debe parecer escrita por un humano, clara, profesional y orientada a ventas. Primero un párrafo corto y luego características en líneas separadas.",
2701,"Escribe una descripción comercial para una tienda de informática sobre el producto: Etiq Hus H34101 -  1 X 100hj  A4. Debe parecer escrita por un humano, clara, profesional y orientada a ventas. Primero un párrafo corto y luego características en líneas separadas.",
2702,"Escribe una descripción comercial para una tienda de informática sobre el producto: Etiq Hus H34116 - 16 X 100hj  A4. Debe parecer escrita por un humano, clara, profesional y orientada a ventas. Primero un párrafo corto y luego características en líneas separadas.",
2703,"Escribe una descripción comercial para una tienda de informática sobre el producto: Etiq Hus H34127 - 27 X 100hj  A4. Debe parecer escrita por un humano, clara, profesional y orientada a ventas. Primero un párrafo corto y luego características en líneas separadas.",
2704,"Escribe una descripción comercial para una tienda de informática sobre el producto: Etiq Hus H34164 - 64 X 100hj  A4. Debe parecer escrita por un humano, clara, profesional y orientada a ventas. Primero un párrafo corto y luego características en líneas separadas.",
2705,"Escribe una descripción comercial para una tienda de informática sobre el producto: Etiq Hus H34165 - 65 X 100hj  A4. Debe parecer escrita por un humano, clara, profesional y orientada a ventas. Primero un párrafo corto y luego características en líneas separadas.",
2706,"Escribe una descripción comercial para una tienda de informática sobre el producto: Etiq Hus H34180 - 80 X 100hj  A4. Debe parecer escrita por un humano, clara, profesional y orientada a ventas. Primero un párrafo corto y luego características en líneas separadas.",
2707,"Escribe una descripción comercial para una tienda de informática sobre el producto: Etiq Hus H34199 - 2 X 100hj  A4. Debe parecer escrita por un humano, clara, profesional y orientada a ventas. Primero un párrafo corto y luego características en líneas separadas.",
2798,"Escribe una descripción comercial para una tienda de informática sobre el producto: Cifra Pr-1200 -bicolor-incluye Adaptador. Debe parecer escrita por un humano, clara, profesional y orientada a ventas. Primero un párrafo corto y luego características en líneas separadas.",
2803,"Escribe una descripción comercial para una tienda de informática sobre el producto: Cifra Dt-67 -dual- 8 Digitos. Debe parecer escrita por un humano, clara, profesional y orientada a ventas. Primero un párrafo corto y luego características en líneas separadas.",
2804,"Escribe una descripción comercial para una tienda de informática sobre el producto: Calculadora Global 12d-1200v. Debe parecer escrita por un humano, clara, profesional y orientada a ventas. Primero un párrafo corto y luego características en líneas separadas.",
2836,"Escribe una descripción comercial para una tienda de informática sobre el producto: Fuente Balanza Kretz. Debe parecer escrita por un humano, clara, profesional y orientada a ventas. Primero un párrafo corto y luego características en líneas separadas.",
2894,"Escribe una descripción comercial para una tienda de informática sobre el producto: Report A4 - 75 Gr 210x297. Debe parecer escrita por un humano, clara, profesional y orientada a ventas. Primero un párrafo corto y luego características en líneas separadas.",
2899,"Escribe una descripción comercial para una tienda de informática sobre el producto: Report Legal 75gr 216x356. Debe parecer escrita por un humano, clara, profesional y orientada a ventas. Primero un párrafo corto y luego características en líneas separadas.",
2901,"Escribe una descripción comercial para una tienda de informática sobre el producto: Report A4 80 Gr 210x297. Debe parecer escrita por un humano, clara, profesional y orientada a ventas. Primero un párrafo corto y luego características en líneas separadas.",
2908,"Escribe una descripción comercial para una tienda de informática sobre el producto: Cifra Dt 150. Debe parecer escrita por un humano, clara, profesional y orientada a ventas. Primero un párrafo corto y luego características en líneas separadas.",
2940,"Escribe una descripción comercial para una tienda de informática sobre el producto: Impresora Epson Lx 350. Debe parecer escrita por un humano, clara, profesional y orientada a ventas. Primero un párrafo corto y luego características en líneas separadas.",
2942,"Escribe una descripción comercial para una tienda de informática sobre el producto: Impresora. Debe parecer escrita por un humano, clara, profesional y orientada a ventas. Primero un párrafo corto y luego características en líneas separadas.",
2946,"Escribe una descripción comercial para una tienda de informática sobre el producto: Impresora Epson L3250 Sist Cont.. Debe parecer escrita por un humano, clara, profesional y orientada a ventas. Primero un párrafo corto y luego características en líneas separadas.",
2947,"Escribe una descripción comercial para una tienda de informática sobre el producto: Impresora Laser Brother Dcp-l-5600dn Mf. Debe parecer escrita por un humano, clara, profesional y orientada a ventas. Primero un párrafo corto y luego características en líneas separadas.",
2951,"Escribe una descripción comercial para una tienda de informática sobre el producto: Impresora Mfp Laser. Debe parecer escrita por un humano, clara, profesional y orientada a ventas. Primero un párrafo corto y luego características en líneas separadas.",
2956,"Escribe una descripción comercial para una tienda de informática sobre el producto: Impresora Laser Brother Hl-l-2360 Dn. Debe parecer escrita por un humano, clara, profesional y orientada a ventas. Primero un párrafo corto y luego características en líneas separadas.",
2961,"Escribe una descripción comercial para una tienda de informática sobre el producto: Estabilizador Sic  Neo 1200/600w/usv 5v. Debe parecer escrita por un humano, clara, profesional y orientada a ventas. Primero un párrafo corto y luego características en líneas separadas.",
2965,"Escribe una descripción comercial para una tienda de informática sobre el producto: Ups Hikvision Ds 600va. Debe parecer escrita por un humano, clara, profesional y orientada a ventas. Primero un párrafo corto y luego características en líneas separadas.",
2968,"Escribe una descripción comercial para una tienda de informática sobre el producto: Ups Trv 500 N*20277301204. Debe parecer escrita por un humano, clara, profesional y orientada a ventas. Primero un párrafo corto y luego características en líneas separadas.",
2970,"Escribe una descripción comercial para una tienda de informática sobre el producto: Ups Trv Neo 500 - 731207 - Usada. Debe parecer escrita por un humano, clara, profesional y orientada a ventas. Primero un párrafo corto y luego características en líneas separadas.",
2983,"Escribe una descripción comercial para una tienda de informática sobre el producto: Bateria 12 V 7a. Debe parecer escrita por un humano, clara, profesional y orientada a ventas. Primero un párrafo corto y luego características en líneas separadas.",
2996,"Escribe una descripción comercial para una tienda de informática sobre el producto: Mem. Computacion. Debe parecer escrita por un humano, clara, profesional y orientada a ventas. Primero un párrafo corto y luego características en líneas separadas.",
3000,"Escribe una descripción comercial para una tienda de informática sobre el producto: Teclado Generica Std. Debe parecer escrita por un humano, clara, profesional y orientada a ventas. Primero un párrafo corto y luego características en líneas separadas.",
3001,"Escribe una descripción comercial para una tienda de informática sobre el producto: Mouse Generica Std. Debe parecer escrita por un humano, clara, profesional y orientada a ventas. Primero un párrafo corto y luego características en líneas separadas.",
3002,"Escribe una descripción comercial para una tienda de informática sobre el producto: Producto Generica Std. Debe parecer escrita por un humano, clara, profesional y orientada a ventas. Primero un párrafo corto y luego características en líneas separadas.",
3003,"Escribe una descripción comercial para una tienda de informática sobre el producto: Producto Generica Std. Debe parecer escrita por un humano, clara, profesional y orientada a ventas. Primero un párrafo corto y luego características en líneas separadas.",
3036,"Escribe una descripción comercial para una tienda de informática sobre el producto: Disco Pc Mecanico 4 TB. Debe parecer escrita por un humano, clara, profesional y orientada a ventas. Primero un párrafo corto y luego características en líneas separadas.",
3041,"Escribe una descripción comercial para una tienda de informática sobre el producto: Disco Externo USB 1tb. Debe parecer escrita por un humano, clara, profesional y orientada a ventas. Primero un párrafo corto y luego características en líneas separadas.",
3042,"Escribe una descripción comercial para una tienda de informática sobre el producto: Disco SSD 120gb. Debe parecer escrita por un humano, clara, profesional y orientada a ventas. Primero un párrafo corto y luego características en líneas separadas.",
3043,"Escribe una descripción comercial para una tienda de informática sobre el producto: Lector Global 2d-qr-usb-+ Inalambrico. Debe parecer escrita por un humano, clara, profesional y orientada a ventas. Primero un párrafo corto y luego características en líneas separadas.",
3044,"Escribe una descripción comercial para una tienda de informática sobre el producto: Disco SSD 240 GB. Debe parecer escrita por un humano, clara, profesional y orientada a ventas. Primero un párrafo corto y luego características en líneas separadas.",
3045,"Escribe una descripción comercial para una tienda de informática sobre el producto: Grabadora De Dvd. Debe parecer escrita por un humano, clara, profesional y orientada a ventas. Primero un párrafo corto y luego características en líneas separadas.",
3049,"Escribe una descripción comercial para una tienda de informática sobre el producto: Pen Drive 128 GB. Debe parecer escrita por un humano, clara, profesional y orientada a ventas. Primero un párrafo corto y luego características en líneas separadas.",
3051,"Escribe una descripción comercial para una tienda de informática sobre el producto: Pen Drive 326 GB USB  C. Debe parecer escrita por un humano, clara, profesional y orientada a ventas. Primero un párrafo corto y luego características en líneas separadas.",
3052,"Escribe una descripción comercial para una tienda de informática sobre el producto: Cable Utp X Metro Amp Enhanced. Debe parecer escrita por un humano, clara, profesional y orientada a ventas. Primero un párrafo corto y luego características en líneas separadas.",
3053,"Escribe una descripción comercial para una tienda de informática sobre el producto: Cable Utp  X Metro P/ Ext.negro Sin Port. Debe parecer escrita por un humano, clara, profesional y orientada a ventas. Primero un párrafo corto y luego características en líneas separadas.",
3054,"Escribe una descripción comercial para una tienda de informática sobre el producto: Cable Utp Amp Para Int.amarillo. Debe parecer escrita por un humano, clara, profesional y orientada a ventas. Primero un párrafo corto y luego características en líneas separadas.",
3055,"Escribe una descripción comercial para una tienda de informática sobre el producto: Cable Utp Amp Para Exterior S/portante. Debe parecer escrita por un humano, clara, profesional y orientada a ventas. Primero un párrafo corto y luego características en líneas separadas.",
3057,"Escribe una descripción comercial para una tienda de informática sobre el producto: Capuchon De Goma Para Rj45 Amp. Debe parecer escrita por un humano, clara, profesional y orientada a ventas. Primero un párrafo corto y luego características en líneas separadas.",
3058,"Escribe una descripción comercial para una tienda de informática sobre el producto: Plug Rj45 Amp. Debe parecer escrita por un humano, clara, profesional y orientada a ventas. Primero un párrafo corto y luego características en líneas separadas.",
3059,"Escribe una descripción comercial para una tienda de informática sobre el producto: Plug Rj11 Amp. Debe parecer escrita por un humano, clara, profesional y orientada a ventas. Primero un párrafo corto y luego características en líneas separadas.",
3060,"Escribe una descripción comercial para una tienda de informática sobre el producto: Jack Rj45 Amp. Debe parecer escrita por un humano, clara, profesional y orientada a ventas. Primero un párrafo corto y luego características en líneas separadas.",
3061,"Escribe una descripción comercial para una tienda de informática sobre el producto: Conector H-h Rj45. Debe parecer escrita por un humano, clara, profesional y orientada a ventas. Primero un párrafo corto y luego características en líneas separadas.",
3062,"Escribe una descripción comercial para una tienda de informática sobre el producto: Patch Cord 0 60 Mts. Amp. Debe parecer escrita por un humano, clara, profesional y orientada a ventas. Primero un párrafo corto y luego características en líneas separadas.",
3063,"Escribe una descripción comercial para una tienda de informática sobre el producto: Patch Cord 2 Mts.  Catt5e. Debe parecer escrita por un humano, clara, profesional y orientada a ventas. Primero un párrafo corto y luego características en líneas separadas.",
3064,"Escribe una descripción comercial para una tienda de informática sobre el producto: Patch Cord 2 40 Mts. Amp. Debe parecer escrita por un humano, clara, profesional y orientada a ventas. Primero un párrafo corto y luego características en líneas separadas.",
3073,"Escribe una descripción comercial para una tienda de informática sobre el producto: Roseta Doble Para Jack Rj45 Amp. Debe parecer escrita por un humano, clara, profesional y orientada a ventas. Primero un párrafo corto y luego características en líneas separadas.",
3075,"Escribe una descripción comercial para una tienda de informática sobre el producto: Router Overtech. Debe parecer escrita por un humano, clara, profesional y orientada a ventas. Primero un párrafo corto y luego características en líneas separadas.",
3077,"Escribe una descripción comercial para una tienda de informática sobre el producto: Router Tp-link Tl-wr 820 N. Debe parecer escrita por un humano, clara, profesional y orientada a ventas. Primero un párrafo corto y luego características en líneas separadas.",
3078,"Escribe una descripción comercial para una tienda de informática sobre el producto: Router Rompe Muro. Debe parecer escrita por un humano, clara, profesional y orientada a ventas. Primero un párrafo corto y luego características en líneas separadas.",
3080,"Escribe una descripción comercial para una tienda de informática sobre el producto: Router Tp-link Tl-wr 844 N. Debe parecer escrita por un humano, clara, profesional y orientada a ventas. Primero un párrafo corto y luego características en líneas separadas.",
3088,"Escribe una descripción comercial para una tienda de informática sobre el producto: Extensor De Rango Tp-link 850. Debe parecer escrita por un humano, clara, profesional y orientada a ventas. Primero un párrafo corto y luego características en líneas separadas.",
3090,"Escribe una descripción comercial para una tienda de informática sobre el producto: Switch 8  Gigabite Tp Link Tl-sg1008. Debe parecer escrita por un humano, clara, profesional y orientada a ventas. Primero un párrafo corto y luego características en líneas separadas.",
3091,"Escribe una descripción comercial para una tienda de informática sobre el producto: Switch. Debe parecer escrita por un humano, clara, profesional y orientada a ventas. Primero un párrafo corto y luego características en líneas separadas.",
3094,"Escribe una descripción comercial para una tienda de informática sobre el producto: Switch 8  10/100 Tp Link Tl-sf 1008d. Debe parecer escrita por un humano, clara, profesional y orientada a ventas. Primero un párrafo corto y luego características en líneas separadas.",
3097,"Escribe una descripción comercial para una tienda de informática sobre el producto: Switch 16 10/100 Tp Link Tl-sf 1016d. Debe parecer escrita por un humano, clara, profesional y orientada a ventas. Primero un párrafo corto y luego características en líneas separadas.",
3098,"Escribe una descripción comercial para una tienda de informática sobre el producto: Switch 16 Gigabite Tp Link Tl-sg1016. Debe parecer escrita por un humano, clara, profesional y orientada a ventas. Primero un párrafo corto y luego características en líneas separadas.",
3102,"Escribe una descripción comercial para una tienda de informática sobre el producto: Memoria Microsdhc. Debe parecer escrita por un humano, clara, profesional y orientada a ventas. Primero un párrafo corto y luego características en líneas separadas.",
3103,"Escribe una descripción comercial para una tienda de informática sobre el producto: Windows Profesional Oem. Debe parecer escrita por un humano, clara, profesional y orientada a ventas. Primero un párrafo corto y luego características en líneas separadas.",
3104,"Escribe una descripción comercial para una tienda de informática sobre el producto: Office Basic Oem   ( W  E  O). Debe parecer escrita por un humano, clara, profesional y orientada a ventas. Primero un párrafo corto y luego características en líneas separadas.",
3105,"Escribe una descripción comercial para una tienda de informática sobre el producto: Office Home And Student Oem (w  E  O  Pp. Debe parecer escrita por un humano, clara, profesional y orientada a ventas. Primero un párrafo corto y luego características en líneas separadas.",
3107,"Escribe una descripción comercial para una tienda de informática sobre el producto: Office Professional Oem  (w  E  O  Pp  P. Debe parecer escrita por un humano, clara, profesional y orientada a ventas. Primero un párrafo corto y luego características en líneas separadas.",
3108,"Escribe una descripción comercial para una tienda de informática sobre el producto: Kit Legalizacíon Windows Xp Pro Genuine. Debe parecer escrita por un humano, clara, profesional y orientada a ventas. Primero un párrafo corto y luego características en líneas separadas.",
3123,"Escribe una descripción comercial para una tienda de informática sobre el producto: Computadora De Escritorio - Sin Software. Debe parecer escrita por un humano, clara, profesional y orientada a ventas. Primero un párrafo corto y luego características en líneas separadas.",
3128,"Escribe una descripción comercial para una tienda de informática sobre el producto: Lapiz Detector De Billetes Sabonis. Debe parecer escrita por un humano, clara, profesional y orientada a ventas. Primero un párrafo corto y luego características en líneas separadas.",
3129,"Escribe una descripción comercial para una tienda de informática sobre el producto: Rollo Hus - 1137- 37 X 50 X 10u. Debe parecer escrita por un humano, clara, profesional y orientada a ventas. Primero un párrafo corto y luego características en líneas separadas.",
3130,"Escribe una descripción comercial para una tienda de informática sobre el producto: Rollo Hus - 1144- 44 X 50 X 10u. Debe parecer escrita por un humano, clara, profesional y orientada a ventas. Primero un párrafo corto y luego características en líneas separadas.",
3133,"Escribe una descripción comercial para una tienda de informática sobre el producto: Etiq Hus H34133 - 33 X 100hj  A4. Debe parecer escrita por un humano, clara, profesional y orientada a ventas. Primero un párrafo corto y luego características en líneas separadas.",
353,"Escribe una descripción comercial para una tienda de informática sobre el producto: Billetera Amayra 1 Cierre C/tira. Debe parecer escrita por un humano, clara, profesional y orientada a ventas. Primero un párrafo corto y luego características en líneas separadas.",
395,"Escribe una descripción comercial para una tienda de informática sobre el producto: Keenly Kk-1048-12. Debe parecer escrita por un humano, clara, profesional y orientada a ventas. Primero un párrafo corto y luego características en líneas separadas.",
4,"Escribe una descripción comercial para una tienda de informática sobre el producto: Porta Sello Acri. X5 Cavi. Debe parecer escrita por un humano, clara, profesional y orientada a ventas. Primero un párrafo corto y luego características en líneas separadas.",
40,"Escribe una descripción comercial para una tienda de informática sobre el producto: Corrector Ezco Chica - 5mm X 6mts. Debe parecer escrita por un humano, clara, profesional y orientada a ventas. Primero un párrafo corto y luego características en líneas separadas.",
406,"Escribe una descripción comercial para una tienda de informática sobre el producto: Toner Kyocera Tk-1122 (3k) Lg. Debe parecer escrita por un humano, clara, profesional y orientada a ventas. Primero un párrafo corto y luego características en líneas separadas.",
408,"Escribe una descripción comercial para una tienda de informática sobre el producto: Toner Kyocera - 1kg- B2  4200/4300/3550. Debe parecer escrita por un humano, clara, profesional y orientada a ventas. Primero un párrafo corto y luego características en líneas separadas.",
414,"Escribe una descripción comercial para una tienda de informática sobre el producto: Toner Samsung  108  Bj. Debe parecer escrita por un humano, clara, profesional y orientada a ventas. Primero un párrafo corto y luego características en líneas separadas.",
417,"Escribe una descripción comercial para una tienda de informática sobre el producto: Drum Brother   880  - Unidad De Imagen- Leon. Debe parecer escrita por un humano, clara, profesional y orientada a ventas. Primero un párrafo corto y luego características en líneas separadas.",
429,"Escribe una descripción comercial para una tienda de informática sobre el producto: Toner Xerox 1025 Kt-new Chip-version 2. Debe parecer escrita por un humano, clara, profesional y orientada a ventas. Primero un párrafo corto y luego características en líneas separadas.",
4290,"Escribe una descripción comercial para una tienda de informática sobre el producto: Tinta Hp T52m - Magenta-bj -70 Ml. Debe parecer escrita por un humano, clara, profesional y orientada a ventas. Primero un párrafo corto y luego características en líneas separadas.",
4297,"Escribe una descripción comercial para una tienda de informática sobre el producto: Tinta Epson T2063 - Magenta Bj. Debe parecer escrita por un humano, clara, profesional y orientada a ventas. Primero un párrafo corto y luego características en líneas separadas.",
4298,"Escribe una descripción comercial para una tienda de informática sobre el producto: Toner Rec. Debe parecer escrita por un humano, clara, profesional y orientada a ventas. Primero un párrafo corto y luego características en líneas separadas.",
431,"Escribe una descripción comercial para una tienda de informática sobre el producto: Toner Kyocera Tk-1175 -leon. Debe parecer escrita por un humano, clara, profesional y orientada a ventas. Primero un párrafo corto y luego características en líneas separadas.",
4317,"Escribe una descripción comercial para una tienda de informática sobre el producto: Borrador Pizarra P/ Marcador. Debe parecer escrita por un humano, clara, profesional y orientada a ventas. Primero un párrafo corto y luego características en líneas separadas.",
4320,"Escribe una descripción comercial para una tienda de informática sobre el producto: Taco Hus. 9x9  Blanco - 400 Hojas. Debe parecer escrita por un humano, clara, profesional y orientada a ventas. Primero un párrafo corto y luego características en líneas separadas.",
4321,"Escribe una descripción comercial para una tienda de informática sobre el producto: Impresora Bartizan 4850. Debe parecer escrita por un humano, clara, profesional y orientada a ventas. Primero un párrafo corto y luego características en líneas separadas.",
4328,"Escribe una descripción comercial para una tienda de informática sobre el producto: Organizador O-life 9 Piezas Giratorio. Debe parecer escrita por un humano, clara, profesional y orientada a ventas. Primero un párrafo corto y luego características en líneas separadas.",
433,"Escribe una descripción comercial para una tienda de informática sobre el producto: Toner Kyocera R. Tk 137 -7200 Copias. Debe parecer escrita por un humano, clara, profesional y orientada a ventas. Primero un párrafo corto y luego características en líneas separadas.",
4347,"Escribe una descripción comercial para una tienda de informática sobre el producto: Abroch. Dasa 10/50 Pinza Cromada. Debe parecer escrita por un humano, clara, profesional y orientada a ventas. Primero un párrafo corto y luego características en líneas separadas.",
4352,"Escribe una descripción comercial para una tienda de informática sobre el producto: Porta Taco Pizzini 9x9 Art 492. Debe parecer escrita por un humano, clara, profesional y orientada a ventas. Primero un párrafo corto y luego características en líneas separadas.",
4353,"Escribe una descripción comercial para una tienda de informática sobre el producto: Broches Clip Ezco N*6. Debe parecer escrita por un humano, clara, profesional y orientada a ventas. Primero un párrafo corto y luego características en líneas separadas.",
4358,"Escribe una descripción comercial para una tienda de informática sobre el producto: Porta Lapiz Color. Debe parecer escrita por un humano, clara, profesional y orientada a ventas. Primero un párrafo corto y luego características en líneas separadas.",
4359,"Escribe una descripción comercial para una tienda de informática sobre el producto: Porta Clip Con Iman. Debe parecer escrita por un humano, clara, profesional y orientada a ventas. Primero un párrafo corto y luego características en líneas separadas.",
4386,"Escribe una descripción comercial para una tienda de informática sobre el producto: Cola Pagoda X 60 Grs. Debe parecer escrita por un humano, clara, profesional y orientada a ventas. Primero un párrafo corto y luego características en líneas separadas.",
4387,"Escribe una descripción comercial para una tienda de informática sobre el producto: Voligoma 50 Ml. Debe parecer escrita por un humano, clara, profesional y orientada a ventas. Primero un párrafo corto y luego características en líneas separadas.",
4388,"Escribe una descripción comercial para una tienda de informática sobre el producto: Voligoma 30 Ml. Debe parecer escrita por un humano, clara, profesional y orientada a ventas. Primero un párrafo corto y luego características en líneas separadas.",
4398,"Escribe una descripción comercial para una tienda de informática sobre el producto: Adhesivo Sintetico Maxxum 30grs. Debe parecer escrita por un humano, clara, profesional y orientada a ventas. Primero un párrafo corto y luego características en líneas separadas.",
441,"Escribe una descripción comercial para una tienda de informática sobre el producto: Aprieta Papel Binder N*5 -vg -51 Mm. Debe parecer escrita por un humano, clara, profesional y orientada a ventas. Primero un párrafo corto y luego características en líneas separadas.",
4419,"Escribe una descripción comercial para una tienda de informática sobre el producto: Almoh.memoris  N* 3  Metal 7x10 - Chica. Debe parecer escrita por un humano, clara, profesional y orientada a ventas. Primero un párrafo corto y luego características en líneas separadas.",
4422,"Escribe una descripción comercial para una tienda de informática sobre el producto: Almoh.memoris  N* 2  Metal 12x8- Grande. Debe parecer escrita por un humano, clara, profesional y orientada a ventas. Primero un párrafo corto y luego características en líneas separadas.",
443,"Escribe una descripción comercial para una tienda de informática sobre el producto: Toner Ibh Botella B1- 290 Grs. Debe parecer escrita por un humano, clara, profesional y orientada a ventas. Primero un párrafo corto y luego características en líneas separadas.",
4431,"Escribe una descripción comercial para una tienda de informática sobre el producto: Aprieta Papel Binder N*5 - Ezco - 51 Mm. Debe parecer escrita por un humano, clara, profesional y orientada a ventas. Primero un párrafo corto y luego características en líneas separadas.",
4432,"Escribe una descripción comercial para una tienda de informática sobre el producto: Aprieta Papel Binder N*1 - Sifap. Debe parecer escrita por un humano, clara, profesional y orientada a ventas. Primero un párrafo corto y luego características en líneas separadas.",
4437,"Escribe una descripción comercial para una tienda de informática sobre el producto: Aprieta Papel Binder N* 1- Vg 2,5 Cm. Debe parecer escrita por un humano, clara, profesional y orientada a ventas. Primero un párrafo corto y luego características en líneas separadas.",
4438,"Escribe una descripción comercial para una tienda de informática sobre el producto: Aprieta Papel Sifap Nro 2. Debe parecer escrita por un humano, clara, profesional y orientada a ventas. Primero un párrafo corto y luego características en líneas separadas.",
4439,"Escribe una descripción comercial para una tienda de informática sobre el producto: Aprieta Papel Binder N*3 - Vg. Debe parecer escrita por un humano, clara, profesional y orientada a ventas. Primero un párrafo corto y luego características en líneas separadas.",
4442,"Escribe una descripción comercial para una tienda de informática sobre el producto: Aprieta Papel Binder N*4 - Ezco- 41mm. Debe parecer escrita por un humano, clara, profesional y orientada a ventas. Primero un párrafo corto y luego características en líneas separadas.",
4444,"Escribe una descripción comercial para una tienda de informática sobre el producto: Bandas Elasticas Credencial X 250 Gr-caj. Debe parecer escrita por un humano, clara, profesional y orientada a ventas. Primero un párrafo corto y luego características en líneas separadas.",
4445,"Escribe una descripción comercial para una tienda de informática sobre el producto: Bandas Elasticas Flexibands X 250 G. Debe parecer escrita por un humano, clara, profesional y orientada a ventas. Primero un párrafo corto y luego características en líneas separadas.",
446,"Escribe una descripción comercial para una tienda de informática sobre el producto: Carp. Doble Sola.nro. 4053. Debe parecer escrita por un humano, clara, profesional y orientada a ventas. Primero un párrafo corto y luego características en líneas separadas.",
4460,"Escribe una descripción comercial para una tienda de informática sobre el producto: Bandeja Porta Papeles Of. 1  Piso. Debe parecer escrita por un humano, clara, profesional y orientada a ventas. Primero un párrafo corto y luego características en líneas separadas.",
4467,"Escribe una descripción comercial para una tienda de informática sobre el producto: Registrador Avios A4 Gris. Debe parecer escrita por un humano, clara, profesional y orientada a ventas. Primero un párrafo corto y luego características en líneas separadas.",
4481,"Escribe una descripción comercial para una tienda de informática sobre el producto: Registrador Of. Palanca Niquelada. Gris. Debe parecer escrita por un humano, clara, profesional y orientada a ventas. Primero un párrafo corto y luego características en líneas separadas.",
4482,"Escribe una descripción comercial para una tienda de informática sobre el producto: Registrador Avios A4 /of. Colores. Debe parecer escrita por un humano, clara, profesional y orientada a ventas. Primero un párrafo corto y luego características en líneas separadas.",
4495,"Escribe una descripción comercial para una tienda de informática sobre el producto: Block Hus-6333- Esquela Cuadricula 80hj. Debe parecer escrita por un humano, clara, profesional y orientada a ventas. Primero un párrafo corto y luego características en líneas separadas.",
4496,"Escribe una descripción comercial para una tienda de informática sobre el producto: Block Hus-6334- Esquela Rayado 80hj. Debe parecer escrita por un humano, clara, profesional y orientada a ventas. Primero un párrafo corto y luego características en líneas separadas.",
4528,"Escribe una descripción comercial para una tienda de informática sobre el producto: Bolig.bic 1mm Opaco X 50 Unidades Negro. Debe parecer escrita por un humano, clara, profesional y orientada a ventas. Primero un párrafo corto y luego características en líneas separadas.",
4529,"Escribe una descripción comercial para una tienda de informática sobre el producto: Roller Edding Control 78 Azul. Debe parecer escrita por un humano, clara, profesional y orientada a ventas. Primero un párrafo corto y luego características en líneas separadas.",
4531,"Escribe una descripción comercial para una tienda de informática sobre el producto: Roller Ezco -negra 0 7mm. Debe parecer escrita por un humano, clara, profesional y orientada a ventas. Primero un párrafo corto y luego características en líneas separadas.",
4532,"Escribe una descripción comercial para una tienda de informática sobre el producto: Bolig.paper Mate Kilometrico Verde. Debe parecer escrita por un humano, clara, profesional y orientada a ventas. Primero un párrafo corto y luego características en líneas separadas.",
4539,"Escribe una descripción comercial para una tienda de informática sobre el producto: Bolig.bic Cristal 0.8mm  Fina Rojo. Debe parecer escrita por un humano, clara, profesional y orientada a ventas. Primero un párrafo corto y luego características en líneas separadas.",
4540,"Escribe una descripción comercial para una tienda de informática sobre el producto: Bolig.bic 1mm Opaco X 50 Unidades Azul. Debe parecer escrita por un humano, clara, profesional y orientada a ventas. Primero un párrafo corto y luego características en líneas separadas.",
4541,"Escribe una descripción comercial para una tienda de informática sobre el producto: Bolig.bic Round Stic 1mm Azul. Debe parecer escrita por un humano, clara, profesional y orientada a ventas. Primero un párrafo corto y luego características en líneas separadas.",
4542,"Escribe una descripción comercial para una tienda de informática sobre el producto: Bolig.colegge Azul - Negro - Rojo. Debe parecer escrita por un humano, clara, profesional y orientada a ventas. Primero un párrafo corto y luego características en líneas separadas.",
4543,"Escribe una descripción comercial para una tienda de informática sobre el producto: Bolig.bic 1mm Opaco X Unidad. Debe parecer escrita por un humano, clara, profesional y orientada a ventas. Primero un párrafo corto y luego características en líneas separadas.",
4545,"Escribe una descripción comercial para una tienda de informática sobre el producto: Bolig.bic 1mm Rojo X Unidad. Debe parecer escrita por un humano, clara, profesional y orientada a ventas. Primero un párrafo corto y luego características en líneas separadas.",
4546,"Escribe una descripción comercial para una tienda de informática sobre el producto: Bolig.ezco 1 Mm Negro. Debe parecer escrita por un humano, clara, profesional y orientada a ventas. Primero un párrafo corto y luego características en líneas separadas.",
4550,"Escribe una descripción comercial para una tienda de informática sobre el producto: Bolig.paper Mate Kilometrico Negro. Debe parecer escrita por un humano, clara, profesional y orientada a ventas. Primero un párrafo corto y luego características en líneas separadas.",
4552,"Escribe una descripción comercial para una tienda de informática sobre el producto: Bolig.uni  Sa-s  Punta/metal-az-ne. Debe parecer escrita por un humano, clara, profesional y orientada a ventas. Primero un párrafo corto y luego características en líneas separadas.",
4579,"Escribe una descripción comercial para una tienda de informática sobre el producto: Broches Dasa 10/50 X 1000. Debe parecer escrita por un humano, clara, profesional y orientada a ventas. Primero un párrafo corto y luego características en líneas separadas.",
4580,"Escribe una descripción comercial para una tienda de informática sobre el producto: Broches Kw-trio 23/20 H. Debe parecer escrita por un humano, clara, profesional y orientada a ventas. Primero un párrafo corto y luego características en líneas separadas.",
4586,"Escribe una descripción comercial para una tienda de informática sobre el producto: Broches Clip General Ofice N* 3 X100. Debe parecer escrita por un humano, clara, profesional y orientada a ventas. Primero un párrafo corto y luego características en líneas separadas.",
4595,"Escribe una descripción comercial para una tienda de informática sobre el producto: Broches Mit 21/6 X 1000 -58-. Debe parecer escrita por un humano, clara, profesional y orientada a ventas. Primero un párrafo corto y luego características en líneas separadas.",
4596,"Escribe una descripción comercial para una tienda de informática sobre el producto: Broches Mit 24/6 X 1000 -61-. Debe parecer escrita por un humano, clara, profesional y orientada a ventas. Primero un párrafo corto y luego características en líneas separadas.",
4597,"Escribe una descripción comercial para una tienda de informática sobre el producto: Broches Mit 50 X1000 Para Pinza. Debe parecer escrita por un humano, clara, profesional y orientada a ventas. Primero un párrafo corto y luego características en líneas separadas.",
4598,"Escribe una descripción comercial para una tienda de informática sobre el producto: Broches Nepaco Plastico Ezco  X 50 U. Debe parecer escrita por un humano, clara, profesional y orientada a ventas. Primero un párrafo corto y luego características en líneas separadas.",
4599,"Escribe una descripción comercial para una tienda de informática sobre el producto: Broches Nepaco Metal N*2l X 50u. Debe parecer escrita por un humano, clara, profesional y orientada a ventas. Primero un párrafo corto y luego características en líneas separadas.",
4607,"Escribe una descripción comercial para una tienda de informática sobre el producto: Broches Dorados Nro.3 X 100. Debe parecer escrita por un humano, clara, profesional y orientada a ventas. Primero un párrafo corto y luego características en líneas separadas.",
4609,"Escribe una descripción comercial para una tienda de informática sobre el producto: Broches Dorados Nro.10 Caja X 100. Debe parecer escrita por un humano, clara, profesional y orientada a ventas. Primero un párrafo corto y luego características en líneas separadas.",
4610,"Escribe una descripción comercial para una tienda de informática sobre el producto: Broches Clip Sifap N* 2  X 100. Debe parecer escrita por un humano, clara, profesional y orientada a ventas. Primero un párrafo corto y luego características en líneas separadas.",
4611,"Escribe una descripción comercial para una tienda de informática sobre el producto: Broches Clip Mit N* 3 X 100. Debe parecer escrita por un humano, clara, profesional y orientada a ventas. Primero un párrafo corto y luego características en líneas separadas.",
4613,"Escribe una descripción comercial para una tienda de informática sobre el producto: Broches Kw-trio 23/8. Debe parecer escrita por un humano, clara, profesional y orientada a ventas. Primero un párrafo corto y luego características en líneas separadas.",
4614,"Escribe una descripción comercial para una tienda de informática sobre el producto: Broches Clip Sifap N*10 X 5 Unidades. Debe parecer escrita por un humano, clara, profesional y orientada a ventas. Primero un párrafo corto y luego características en líneas separadas.",
4616,"Escribe una descripción comercial para una tienda de informática sobre el producto: Broches Mit 23/6 X 1000. Debe parecer escrita por un humano, clara, profesional y orientada a ventas. Primero un párrafo corto y luego características en líneas separadas.",
4619,"Escribe una descripción comercial para una tienda de informática sobre el producto: Broches Clip Sifap Plastico X 100. Debe parecer escrita por un humano, clara, profesional y orientada a ventas. Primero un párrafo corto y luego características en líneas separadas.",
4621,"Escribe una descripción comercial para una tienda de informática sobre el producto: Broches Clip Dl N* 5 Forr Colores X100. Debe parecer escrita por un humano, clara, profesional y orientada a ventas. Primero un párrafo corto y luego características en líneas separadas.",
4626,"Escribe una descripción comercial para una tienda de informática sobre el producto: Z  Sellador De Silicona - Unifix - 25 Cm. Debe parecer escrita por un humano, clara, profesional y orientada a ventas. Primero un párrafo corto y luego características en líneas separadas.",
4628,"Escribe una descripción comercial para una tienda de informática sobre el producto: Broches Mit 10. Debe parecer escrita por un humano, clara, profesional y orientada a ventas. Primero un párrafo corto y luego características en líneas separadas.",
4629,"Escribe una descripción comercial para una tienda de informática sobre el producto: Broches Mit 20/12 X1000. Debe parecer escrita por un humano, clara, profesional y orientada a ventas. Primero un párrafo corto y luego características en líneas separadas.",
4631,"Escribe una descripción comercial para una tienda de informática sobre el producto: Broches Grap 10/50 X1000. Debe parecer escrita por un humano, clara, profesional y orientada a ventas. Primero un párrafo corto y luego características en líneas separadas.",
4633,"Escribe una descripción comercial para una tienda de informática sobre el producto: Broches Grap 65 X1000. Debe parecer escrita por un humano, clara, profesional y orientada a ventas. Primero un párrafo corto y luego características en líneas separadas.",
4635,"Escribe una descripción comercial para una tienda de informática sobre el producto: Broches Grap 21/6 X1000. Debe parecer escrita por un humano, clara, profesional y orientada a ventas. Primero un párrafo corto y luego características en líneas separadas.",
4639,"Escribe una descripción comercial para una tienda de informática sobre el producto: Caja Arch.fibra Negra Of. 3 Cm. Debe parecer escrita por un humano, clara, profesional y orientada a ventas. Primero un párrafo corto y luego características en líneas separadas.",
4640,"Escribe una descripción comercial para una tienda de informática sobre el producto: Caja Arch.ref Super Grande 40x30x25. Debe parecer escrita por un humano, clara, profesional y orientada a ventas. Primero un párrafo corto y luego características en líneas separadas.",
4642,"Escribe una descripción comercial para una tienda de informática sobre el producto: Caja Arch.carton  A4 (30x25x12). Debe parecer escrita por un humano, clara, profesional y orientada a ventas. Primero un párrafo corto y luego características en líneas separadas.",
4646,"Escribe una descripción comercial para una tienda de informática sobre el producto: Caja Arch.carton Of.12 ( 36x25x12). Debe parecer escrita por un humano, clara, profesional y orientada a ventas. Primero un párrafo corto y luego características en líneas separadas.",
4648,"Escribe una descripción comercial para una tienda de informática sobre el producto: Caja Arch.carton Legajo 12 (38x28x12). Debe parecer escrita por un humano, clara, profesional y orientada a ventas. Primero un párrafo corto y luego características en líneas separadas.",
4650,"Escribe una descripción comercial para una tienda de informática sobre el producto: Caja Arch.fibra Negra Of. 8 Cm. Debe parecer escrita por un humano, clara, profesional y orientada a ventas. Primero un párrafo corto y luego características en líneas separadas.",
4652,"Escribe una descripción comercial para una tienda de informática sobre el producto: Carbest Film Negro 10 Hj. Debe parecer escrita por un humano, clara, profesional y orientada a ventas. Primero un párrafo corto y luego características en líneas separadas.",
4653,"Escribe una descripción comercial para una tienda de informática sobre el producto: Carbotype Film Azul 50 Hj. Debe parecer escrita por un humano, clara, profesional y orientada a ventas. Primero un párrafo corto y luego características en líneas separadas.",
4658,"Escribe una descripción comercial para una tienda de informática sobre el producto: Carp. Lama  A4 - Base Opaca - Azul. Debe parecer escrita por un humano, clara, profesional y orientada a ventas. Primero un párrafo corto y luego características en líneas separadas.",
4663,"Escribe una descripción comercial para una tienda de informática sobre el producto: Carp. Alpha  N* 2101 A4 Tipo Nep Metal-. Debe parecer escrita por un humano, clara, profesional y orientada a ventas. Primero un párrafo corto y luego características en líneas separadas.",
4664,"Escribe una descripción comercial para una tienda de informática sobre el producto: Carp. Alpha  N* 1132  A4 20 Folios. Debe parecer escrita por un humano, clara, profesional y orientada a ventas. Primero un párrafo corto y luego características en líneas separadas.",
4669,"Escribe una descripción comercial para una tienda de informática sobre el producto: Carp. Alpha  N* 1198 A4 80 Folios. Debe parecer escrita por un humano, clara, profesional y orientada a ventas. Primero un párrafo corto y luego características en líneas separadas.",
4670,"Escribe una descripción comercial para una tienda de informática sobre el producto: Carp. Alpha  F105  A4 Con Kismet. Debe parecer escrita por un humano, clara, profesional y orientada a ventas. Primero un párrafo corto y luego características en líneas separadas.",
4688,"Escribe una descripción comercial para una tienda de informática sobre el producto: Carp. Fibra Negra Oficio -2 Anillos. Debe parecer escrita por un humano, clara, profesional y orientada a ventas. Primero un párrafo corto y luego características en líneas separadas.",
4692,"Escribe una descripción comercial para una tienda de informática sobre el producto: Carp. Lama 10 Folios A4. Debe parecer escrita por un humano, clara, profesional y orientada a ventas. Primero un párrafo corto y luego características en líneas separadas.",
4696,"Escribe una descripción comercial para una tienda de informática sobre el producto: Carp. Colg. Delta 1*calidad Galvanizada. Debe parecer escrita por un humano, clara, profesional y orientada a ventas. Primero un párrafo corto y luego características en líneas separadas.",
4697,"Escribe una descripción comercial para una tienda de informática sobre el producto: Carp. Interior Doble Solapa Doblada1*cal. Debe parecer escrita por un humano, clara, profesional y orientada a ventas. Primero un párrafo corto y luego características en líneas separadas.",
4698,"Escribe una descripción comercial para una tienda de informática sobre el producto: Carp. Of. Doble L Presentacion. Debe parecer escrita por un humano, clara, profesional y orientada a ventas. Primero un párrafo corto y luego características en líneas separadas.",
4700,"Escribe una descripción comercial para una tienda de informática sobre el producto: Carp. Alpha  N* 3047 A4 Ta/transparente. Debe parecer escrita por un humano, clara, profesional y orientada a ventas. Primero un párrafo corto y luego características en líneas separadas.",
4701,"Escribe una descripción comercial para una tienda de informática sobre el producto: Carp. Veloz  F/55  C/broch.met.celeste. Debe parecer escrita por un humano, clara, profesional y orientada a ventas. Primero un párrafo corto y luego características en líneas separadas.",
4705,"Escribe una descripción comercial para una tienda de informática sobre el producto: Carp. 3 Solapa C/elast Of.kraf Marron. Debe parecer escrita por un humano, clara, profesional y orientada a ventas. Primero un párrafo corto y luego características en líneas separadas.",
4707,"Escribe una descripción comercial para una tienda de informática sobre el producto: Carp. Veloz  F/55  C/ Broch.met.verde. Debe parecer escrita por un humano, clara, profesional y orientada a ventas. Primero un párrafo corto y luego características en líneas separadas.",
4708,"Escribe una descripción comercial para una tienda de informática sobre el producto: Carp..general Office Base Opaca Of Azul. Debe parecer escrita por un humano, clara, profesional y orientada a ventas. Primero un párrafo corto y luego características en líneas separadas.",
4727,"Escribe una descripción comercial para una tienda de informática sobre el producto: Carp. 3 Solapa C/elast Of. De Colores. Debe parecer escrita por un humano, clara, profesional y orientada a ventas. Primero un párrafo corto y luego características en líneas separadas.",
4728,"Escribe una descripción comercial para una tienda de informática sobre el producto: Carp. Veloz  F/55  C/broch.met Rosada. Debe parecer escrita por un humano, clara, profesional y orientada a ventas. Primero un párrafo corto y luego características en líneas separadas.",
4732,"Escribe una descripción comercial para una tienda de informática sobre el producto: Carp. Fibra Negra Esquela 2 Ani. Debe parecer escrita por un humano, clara, profesional y orientada a ventas. Primero un párrafo corto y luego características en líneas separadas.",
4733,"Escribe una descripción comercial para una tienda de informática sobre el producto: Carp. Transparen.en L Con 2 Cuerpos Of.. Debe parecer escrita por un humano, clara, profesional y orientada a ventas. Primero un párrafo corto y luego características en líneas separadas.",
4739,"Escribe una descripción comercial para una tienda de informática sobre el producto: Carp. General Office Of. Base Opaca Negr. Debe parecer escrita por un humano, clara, profesional y orientada a ventas. Primero un párrafo corto y luego características en líneas separadas.",
4745,"Escribe una descripción comercial para una tienda de informática sobre el producto: Carp. Alpha  N* 2101 A4 Tipo Nepaco. Debe parecer escrita por un humano, clara, profesional y orientada a ventas. Primero un párrafo corto y luego características en líneas separadas.",
4748,"Escribe una descripción comercial para una tienda de informática sobre el producto: Carp. Colg. Delta 1*cali (sin Galvanizar. Debe parecer escrita por un humano, clara, profesional y orientada a ventas. Primero un párrafo corto y luego características en líneas separadas.",
4749,"Escribe una descripción comercial para una tienda de informática sobre el producto: Carp. Alpha  F113  A4 C/separ Aro 3cm. Debe parecer escrita por un humano, clara, profesional y orientada a ventas. Primero un párrafo corto y luego características en líneas separadas.",
4752,"Escribe una descripción comercial para una tienda de informática sobre el producto: Carp. Alpha  F119  Of C/separ 3cm. Debe parecer escrita por un humano, clara, profesional y orientada a ventas. Primero un párrafo corto y luego características en líneas separadas.",
4766,"Escribe una descripción comercial para una tienda de informática sobre el producto: Carp. Alpha  N* 1136 A4 60 Folios. Debe parecer escrita por un humano, clara, profesional y orientada a ventas. Primero un párrafo corto y luego características en líneas separadas.",
4767,"Escribe una descripción comercial para una tienda de informática sobre el producto: Carp. Alpha  N* 1298 Of 80 Folios. Debe parecer escrita por un humano, clara, profesional y orientada a ventas. Primero un párrafo corto y luego características en líneas separadas.",
4768,"Escribe una descripción comercial para una tienda de informática sobre el producto: Carp. Alpha  N* 1234 Of 40 Folios. Debe parecer escrita por un humano, clara, profesional y orientada a ventas. Primero un párrafo corto y luego características en líneas separadas.",
4775,"Escribe una descripción comercial para una tienda de informática sobre el producto: Cesto Papelero Plastico Redondo. Debe parecer escrita por un humano, clara, profesional y orientada a ventas. Primero un párrafo corto y luego características en líneas separadas.",
4776,"Escribe una descripción comercial para una tienda de informática sobre el producto: Chinches Ezco Colores X  50 Unidades. Debe parecer escrita por un humano, clara, profesional y orientada a ventas. Primero un párrafo corto y luego características en líneas separadas.",
4778,"Escribe una descripción comercial para una tienda de informática sobre el producto: Chinches Ezco Doradas X 100 Unidades. Debe parecer escrita por un humano, clara, profesional y orientada a ventas. Primero un párrafo corto y luego características en líneas separadas.",
4794,"Escribe una descripción comercial para una tienda de informática sobre el producto: Cinta Adhes.stiko 12mm X 60mt Strap. Debe parecer escrita por un humano, clara, profesional y orientada a ventas. Primero un párrafo corto y luego características en líneas separadas.",
4797,"Escribe una descripción comercial para una tienda de informática sobre el producto: Cinta Adhes.stiko 18mm X 25mt Strap. Debe parecer escrita por un humano, clara, profesional y orientada a ventas. Primero un párrafo corto y luego características en líneas separadas.",
4798,"Escribe una descripción comercial para una tienda de informática sobre el producto: Cinta Cifra F. Debe parecer escrita por un humano, clara, profesional y orientada a ventas. Primero un párrafo corto y luego características en líneas separadas.",
4800,"Escribe una descripción comercial para una tienda de informática sobre el producto: Cinta Adhes.auca 24x50 Transparente. Debe parecer escrita por un humano, clara, profesional y orientada a ventas. Primero un párrafo corto y luego características en líneas separadas.",
4805,"Escribe una descripción comercial para una tienda de informática sobre el producto: Cinta De Enmascarar 18 X 40 Gral Ofice. Debe parecer escrita por un humano, clara, profesional y orientada a ventas. Primero un párrafo corto y luego características en líneas separadas.",
4810,"Escribe una descripción comercial para una tienda de informática sobre el producto: Cinta Adhes.auca Enmascarar 24x50. Debe parecer escrita por un humano, clara, profesional y orientada a ventas. Primero un párrafo corto y luego características en líneas separadas.",
4813,"Escribe una descripción comercial para una tienda de informática sobre el producto: Clasific.g.office Cheque  12 Div.. Debe parecer escrita por un humano, clara, profesional y orientada a ventas. Primero un párrafo corto y luego características en líneas separadas.",
4820,"Escribe una descripción comercial para una tienda de informática sobre el producto: Maletin Portanotebook College Duncan Gri. Debe parecer escrita por un humano, clara, profesional y orientada a ventas. Primero un párrafo corto y luego características en líneas separadas.",
4821,"Escribe una descripción comercial para una tienda de informática sobre el producto: Clava Papel Clavo Niquelado. Debe parecer escrita por un humano, clara, profesional y orientada a ventas. Primero un párrafo corto y luego características en líneas separadas.",
4822,"Escribe una descripción comercial para una tienda de informática sobre el producto: Clava Papel P/confiteria -corto  Cromado. Debe parecer escrita por un humano, clara, profesional y orientada a ventas. Primero un párrafo corto y luego características en líneas separadas.",
4832,"Escribe una descripción comercial para una tienda de informática sobre el producto: Corrector Seco Ezco 5mm X 12mts. Debe parecer escrita por un humano, clara, profesional y orientada a ventas. Primero un párrafo corto y luego características en líneas separadas.",
4834,"Escribe una descripción comercial para una tienda de informática sobre el producto: Corrector Ezco Lapiz 7ml Punta De Metal. Debe parecer escrita por un humano, clara, profesional y orientada a ventas. Primero un párrafo corto y luego características en líneas separadas.",
4849,"Escribe una descripción comercial para una tienda de informática sobre el producto: Cuad.16x21 Husares T-flex Esp- 80 Hj. Debe parecer escrita por un humano, clara, profesional y orientada a ventas. Primero un párrafo corto y luego características en líneas separadas.",
4860,"Escribe una descripción comercial para una tienda de informática sobre el producto: Cuad.22x29.7 College C/esp. 84h Ray. Debe parecer escrita por un humano, clara, profesional y orientada a ventas. Primero un párrafo corto y luego características en líneas separadas.",
4864,"Escribe una descripción comercial para una tienda de informática sobre el producto: Cuad.22x29 Ledesma Classis T-durcuad-84h. Debe parecer escrita por un humano, clara, profesional y orientada a ventas. Primero un párrafo corto y luego características en líneas separadas.",
4886,"Escribe una descripción comercial para una tienda de informática sobre el producto: Cuad.22x29 Husares Cuadric Espiral 80 Hj. Debe parecer escrita por un humano, clara, profesional y orientada a ventas. Primero un párrafo corto y luego características en líneas separadas.",
4890,"Escribe una descripción comercial para una tienda de informática sobre el producto: Cutter Rep.chico X 5u.. Debe parecer escrita por un humano, clara, profesional y orientada a ventas. Primero un párrafo corto y luego características en líneas separadas.",
4891,"Escribe una descripción comercial para una tienda de informática sobre el producto: Cutter Rep.grande X 10u - 18 Mm. Debe parecer escrita por un humano, clara, profesional y orientada a ventas. Primero un párrafo corto y luego características en líneas separadas.",
4894,"Escribe una descripción comercial para una tienda de informática sobre el producto: Cutter Maped Grande D18211- 18mm. Debe parecer escrita por un humano, clara, profesional y orientada a ventas. Primero un párrafo corto y luego características en líneas separadas.",
4895,"Escribe una descripción comercial para una tienda de informática sobre el producto: Cutter Ezco 9m Plastico Chico- Sin Guia-. Debe parecer escrita por un humano, clara, profesional y orientada a ventas. Primero un párrafo corto y luego características en líneas separadas.",
4896,"Escribe una descripción comercial para una tienda de informática sobre el producto: Cutter Onix Grande 18m Guia Plasti Sx8n. Debe parecer escrita por un humano, clara, profesional y orientada a ventas. Primero un párrafo corto y luego características en líneas separadas.",
4898,"Escribe una descripción comercial para una tienda de informática sobre el producto: Cutter Olami Grande 18mm-guia Metal. Debe parecer escrita por un humano, clara, profesional y orientada a ventas. Primero un párrafo corto y luego características en líneas separadas.",
4926,"Escribe una descripción comercial para una tienda de informática sobre el producto: Fichas Hus 1702- N*2 Rayadas X 100. Debe parecer escrita por un humano, clara, profesional y orientada a ventas. Primero un párrafo corto y luego características en líneas separadas.",
4946,"Escribe una descripción comercial para una tienda de informática sobre el producto: Goma Maped Technic Duo Lapiz/tinta. Debe parecer escrita por un humano, clara, profesional y orientada a ventas. Primero un párrafo corto y luego características en líneas separadas.",
4947,"Escribe una descripción comercial para una tienda de informática sobre el producto: Goma  Ezco (lapiz-tinta) Gris/blanca. Debe parecer escrita por un humano, clara, profesional y orientada a ventas. Primero un párrafo corto y luego características en líneas separadas.",
4948,"Escribe una descripción comercial para una tienda de informática sobre el producto: Goma Nataraj. Debe parecer escrita por un humano, clara, profesional y orientada a ventas. Primero un párrafo corto y luego características en líneas separadas.",
4976,"Escribe una descripción comercial para una tienda de informática sobre el producto: Lapiz Noris Stadler  Hb2. Debe parecer escrita por un humano, clara, profesional y orientada a ventas. Primero un párrafo corto y luego características en líneas separadas.",
4980,"Escribe una descripción comercial para una tienda de informática sobre el producto: Lapiz Stabilo - Othello 282. Debe parecer escrita por un humano, clara, profesional y orientada a ventas. Primero un párrafo corto y luego características en líneas separadas.",
4981,"Escribe una descripción comercial para una tienda de informática sobre el producto: Lapiz Nataraj 621 Cuerpo Negro/rojo. Debe parecer escrita por un humano, clara, profesional y orientada a ventas. Primero un párrafo corto y luego características en líneas separadas.",
4983,"Escribe una descripción comercial para una tienda de informática sobre el producto: Lapiz Bic Evolution X 1. Debe parecer escrita por un humano, clara, profesional y orientada a ventas. Primero un párrafo corto y luego características en líneas separadas.",
4992,"Escribe una descripción comercial para una tienda de informática sobre el producto: Libreta Alfa Rayada S/indice  - N*80 -40 Hj. Debe parecer escrita por un humano, clara, profesional y orientada a ventas. Primero un párrafo corto y luego características en líneas separadas.",
5005,"Escribe una descripción comercial para una tienda de informática sobre el producto: Maletin Portanotebook Travel Engan.valij. Debe parecer escrita por un humano, clara, profesional y orientada a ventas. Primero un párrafo corto y luego características en líneas separadas.",
5006,"Escribe una descripción comercial para una tienda de informática sobre el producto: Maletin Portanotebook Travel Engan.vali. Debe parecer escrita por un humano, clara, profesional y orientada a ventas. Primero un párrafo corto y luego características en líneas separadas.",
5008,"Escribe una descripción comercial para una tienda de informática sobre el producto: Maletin Portanotebook College Duncan Neg. Debe parecer escrita por un humano, clara, profesional y orientada a ventas. Primero un párrafo corto y luego características en líneas separadas.",
5009,"Escribe una descripción comercial para una tienda de informática sobre el producto: Funda Notebook - Netbook. Debe parecer escrita por un humano, clara, profesional y orientada a ventas. Primero un párrafo corto y luego características en líneas separadas.",
5012,"Escribe una descripción comercial para una tienda de informática sobre el producto: Maletin Portanotebool Travel Con Bolsi F. Debe parecer escrita por un humano, clara, profesional y orientada a ventas. Primero un párrafo corto y luego características en líneas separadas.",
5017,"Escribe una descripción comercial para una tienda de informática sobre el producto: Mochila College Killian 19 /22- Ve/az/fu. Debe parecer escrita por un humano, clara, profesional y orientada a ventas. Primero un párrafo corto y luego características en líneas separadas.",
5024,"Escribe una descripción comercial para una tienda de informática sobre el producto: Marcador Edding 160 - Verde-- P/pizarra. Debe parecer escrita por un humano, clara, profesional y orientada a ventas. Primero un párrafo corto y luego características en líneas separadas.",
5029,"Escribe una descripción comercial para una tienda de informática sobre el producto: Marcador Ezco Doppio Perm- Doble Punta N. Debe parecer escrita por un humano, clara, profesional y orientada a ventas. Primero un párrafo corto y luego características en líneas separadas.",
5039,"Escribe una descripción comercial para una tienda de informática sobre el producto: Marcador Sharpie Perman.ultra Fino Ne. Debe parecer escrita por un humano, clara, profesional y orientada a ventas. Primero un párrafo corto y luego características en líneas separadas.",
5043,"Escribe una descripción comercial para una tienda de informática sobre el producto: Marcador Edding 100 Negro Permanente. Debe parecer escrita por un humano, clara, profesional y orientada a ventas. Primero un párrafo corto y luego características en líneas separadas.",
5044,"Escribe una descripción comercial para una tienda de informática sobre el producto: Marcador Edding 160 - Rojo- P/pizarra. Debe parecer escrita por un humano, clara, profesional y orientada a ventas. Primero un párrafo corto y luego características en líneas separadas.",
5051,"Escribe una descripción comercial para una tienda de informática sobre el producto: Marcador Pelikan 721-al Agua -verde-chan. Debe parecer escrita por un humano, clara, profesional y orientada a ventas. Primero un párrafo corto y luego características en líneas separadas.",
5053,"Escribe una descripción comercial para una tienda de informática sobre el producto: Microfibra Stabilo Point 88/46 Negro. Debe parecer escrita por un humano, clara, profesional y orientada a ventas. Primero un párrafo corto y luego características en líneas separadas.",
5054,"Escribe una descripción comercial para una tienda de informática sobre el producto: Marcador Edding 160 - Azul - P/pizarra. Debe parecer escrita por un humano, clara, profesional y orientada a ventas. Primero un párrafo corto y luego características en líneas separadas.",
5062,"Escribe una descripción comercial para una tienda de informática sobre el producto: Marcador Edding 8400  P/cd Negro. Debe parecer escrita por un humano, clara, profesional y orientada a ventas. Primero un párrafo corto y luego características en líneas separadas.",
5063,"Escribe una descripción comercial para una tienda de informática sobre el producto: Marcador Edding Pintura 751 Rojo. Debe parecer escrita por un humano, clara, profesional y orientada a ventas. Primero un párrafo corto y luego características en líneas separadas.",
5065,"Escribe una descripción comercial para una tienda de informática sobre el producto: Marcador Edding 180 Al Agua Negro-p.redo. Debe parecer escrita por un humano, clara, profesional y orientada a ventas. Primero un párrafo corto y luego características en líneas separadas.",
5070,"Escribe una descripción comercial para una tienda de informática sobre el producto: Marcador Ezco X10 Unid Escolar. Debe parecer escrita por un humano, clara, profesional y orientada a ventas. Primero un párrafo corto y luego características en líneas separadas.",
5073,"Escribe una descripción comercial para una tienda de informática sobre el producto: Presupuesto Alianza Chico Duplicado. Debe parecer escrita por un humano, clara, profesional y orientada a ventas. Primero un párrafo corto y luego características en líneas separadas.",
5080,"Escribe una descripción comercial para una tienda de informática sobre el producto: Mojadedo Ota Goma Nro. 2. Debe parecer escrita por un humano, clara, profesional y orientada a ventas. Primero un párrafo corto y luego características en líneas separadas.",
5155,"Escribe una descripción comercial para una tienda de informática sobre el producto: Libreta Rayada S/indice N*50 - 80 Hj. Debe parecer escrita por un humano, clara, profesional y orientada a ventas. Primero un párrafo corto y luego características en líneas separadas.",
5184,"Escribe una descripción comercial para una tienda de informática sobre el producto: Dispenser Notas Post-it Estampado. Debe parecer escrita por un humano, clara, profesional y orientada a ventas. Primero un párrafo corto y luego características en líneas separadas.",
5186,"Escribe una descripción comercial para una tienda de informática sobre el producto: Notas Adhes.ezco-38x38 E-701-neon X4-. Debe parecer escrita por un humano, clara, profesional y orientada a ventas. Primero un párrafo corto y luego características en líneas separadas.",
5189,"Escribe una descripción comercial para una tienda de informática sobre el producto: Notas Adhes.heyi 2 Tacos -50x38  X 100hj. Debe parecer escrita por un humano, clara, profesional y orientada a ventas. Primero un párrafo corto y luego características en líneas separadas.",
5193,"Escribe una descripción comercial para una tienda de informática sobre el producto: Notas Adhes.pizzini 75x75 Fluor 80hj. Debe parecer escrita por un humano, clara, profesional y orientada a ventas. Primero un párrafo corto y luego características en líneas separadas.",
5196,"Escribe una descripción comercial para una tienda de informática sobre el producto: Perfor. Metalica Mediana 455549 Con Guia-14 Hj. Debe parecer escrita por un humano, clara, profesional y orientada a ventas. Primero un párrafo corto y luego características en líneas separadas.",
5201,"Escribe una descripción comercial para una tienda de informática sobre el producto: Perfor  Plastica Mediana Dl8350 C/guia. Debe parecer escrita por un humano, clara, profesional y orientada a ventas. Primero un párrafo corto y luego características en líneas separadas.",
5227,"Escribe una descripción comercial para una tienda de informática sobre el producto: Portaminas 0 5 Mm Simball  Colores. Debe parecer escrita por un humano, clara, profesional y orientada a ventas. Primero un párrafo corto y luego características en líneas separadas.",
5232,"Escribe una descripción comercial para una tienda de informática sobre el producto: Portarrollo Grande Ezco 8898l 12x60. Debe parecer escrita por un humano, clara, profesional y orientada a ventas. Primero un párrafo corto y luego características en líneas separadas.",
5234,"Escribe una descripción comercial para una tienda de informática sobre el producto: Portarollo  Ezco Chico 8898s 12x30. Debe parecer escrita por un humano, clara, profesional y orientada a ventas. Primero un párrafo corto y luego características en líneas separadas.",
5239,"Escribe una descripción comercial para una tienda de informática sobre el producto: Porta Sello Met.red P/8. Debe parecer escrita por un humano, clara, profesional y orientada a ventas. Primero un párrafo corto y luego características en líneas separadas.",
5251,"Escribe una descripción comercial para una tienda de informática sobre el producto: Racionador P/cinta Embalar- Ezco. Debe parecer escrita por un humano, clara, profesional y orientada a ventas. Primero un párrafo corto y luego características en líneas separadas.",
5254,"Escribe una descripción comercial para una tienda de informática sobre el producto: Escuadra 20cm 45 Grados. Debe parecer escrita por un humano, clara, profesional y orientada a ventas. Primero un párrafo corto y luego características en líneas separadas.",
5256,"Escribe una descripción comercial para una tienda de informática sobre el producto: Regla Maped Acrilico 30cm. Debe parecer escrita por un humano, clara, profesional y orientada a ventas. Primero un párrafo corto y luego características en líneas separadas.",
5259,"Escribe una descripción comercial para una tienda de informática sobre el producto: Regla Maped Acrilico 20cm. Debe parecer escrita por un humano, clara, profesional y orientada a ventas. Primero un párrafo corto y luego características en líneas separadas.",
5260,"Escribe una descripción comercial para una tienda de informática sobre el producto: Resaltador Pizzini Naranja 1280. Debe parecer escrita por un humano, clara, profesional y orientada a ventas. Primero un párrafo corto y luego características en líneas separadas.",
5272,"Escribe una descripción comercial para una tienda de informática sobre el producto: Marcador Ezco X 6 Unid Escolar. Debe parecer escrita por un humano, clara, profesional y orientada a ventas. Primero un párrafo corto y luego características en líneas separadas.",
5273,"Escribe una descripción comercial para una tienda de informática sobre el producto: Resaltador Pizzini Celeste 1280. Debe parecer escrita por un humano, clara, profesional y orientada a ventas. Primero un párrafo corto y luego características en líneas separadas.",
5278,"Escribe una descripción comercial para una tienda de informática sobre el producto: Resaltador Ezco  Cuerpo Redondo Amarillo. Debe parecer escrita por un humano, clara, profesional y orientada a ventas. Primero un párrafo corto y luego características en líneas separadas.",
5291,"Escribe una descripción comercial para una tienda de informática sobre el producto: Sacabroches Chico Dl688. Debe parecer escrita por un humano, clara, profesional y orientada a ventas. Primero un párrafo corto y luego características en líneas separadas.",
5296,"Escribe una descripción comercial para una tienda de informática sobre el producto: Sacapunta Nataraj. Debe parecer escrita por un humano, clara, profesional y orientada a ventas. Primero un párrafo corto y luego características en líneas separadas.",
5297,"Escribe una descripción comercial para una tienda de informática sobre el producto: Sacapunta Metal 1 Cuchilla Maped. Debe parecer escrita por un humano, clara, profesional y orientada a ventas. Primero un párrafo corto y luego características en líneas separadas.",
5298,"Escribe una descripción comercial para una tienda de informática sobre el producto: Sacapunta Plastico Maped. Debe parecer escrita por un humano, clara, profesional y orientada a ventas. Primero un párrafo corto y luego características en líneas separadas.",
5308,"Escribe una descripción comercial para una tienda de informática sobre el producto: Sello Profesional - 2001- 15x40 Mm. Debe parecer escrita por un humano, clara, profesional y orientada a ventas. Primero un párrafo corto y luego características en líneas separadas.",
5314,"Escribe una descripción comercial para una tienda de informática sobre el producto: Clavadora Kanex Tp-8h-broche 23/6-8. Debe parecer escrita por un humano, clara, profesional y orientada a ventas. Primero un párrafo corto y luego características en líneas separadas.",
5335,"Escribe una descripción comercial para una tienda de informática sobre el producto: Sobre 2529 Bolsa Kraft X100 - 27x37. Debe parecer escrita por un humano, clara, profesional y orientada a ventas. Primero un párrafo corto y luego características en líneas separadas.",
5347,"Escribe una descripción comercial para una tienda de informática sobre el producto: Sobre 2528 Bolsa Kraft X100 - 25x35. Debe parecer escrita por un humano, clara, profesional y orientada a ventas. Primero un párrafo corto y luego características en líneas separadas.",
5360,"Escribe una descripción comercial para una tienda de informática sobre el producto: Sobre 1385 Oficio Ingles 80grs X 500 Unid. Debe parecer escrita por un humano, clara, profesional y orientada a ventas. Primero un párrafo corto y luego características en líneas separadas.",
5361,"Escribe una descripción comercial para una tienda de informática sobre el producto: Sobre 1585 Comercial 80grs X 5000. Debe parecer escrita por un humano, clara, profesional y orientada a ventas. Primero un párrafo corto y luego características en líneas separadas.",
5373,"Escribe una descripción comercial para una tienda de informática sobre el producto: Taco Hus  9x9  Fluor - 300 Hojas. Debe parecer escrita por un humano, clara, profesional y orientada a ventas. Primero un párrafo corto y luego características en líneas separadas.",
5374,"Escribe una descripción comercial para una tienda de informática sobre el producto: Taco Hus. 9x9  Pastel - 400 Hojas. Debe parecer escrita por un humano, clara, profesional y orientada a ventas. Primero un párrafo corto y luego características en líneas separadas.",
5377,"Escribe una descripción comercial para una tienda de informática sobre el producto: Recibo Hus.1901 Grande Original. Debe parecer escrita por un humano, clara, profesional y orientada a ventas. Primero un párrafo corto y luego características en líneas separadas.",
5378,"Escribe una descripción comercial para una tienda de informática sobre el producto: Recibo Hus.1902 Chico Original. Debe parecer escrita por un humano, clara, profesional y orientada a ventas. Primero un párrafo corto y luego características en líneas separadas.",
5379,"Escribe una descripción comercial para una tienda de informática sobre el producto: Vale Hus.1908 Original. Debe parecer escrita por un humano, clara, profesional y orientada a ventas. Primero un párrafo corto y luego características en líneas separadas.",
5380,"Escribe una descripción comercial para una tienda de informática sobre el producto: Recibo Hus.1909  Mignon Original. Debe parecer escrita por un humano, clara, profesional y orientada a ventas. Primero un párrafo corto y luego características en líneas separadas.",
5388,"Escribe una descripción comercial para una tienda de informática sobre el producto: Recibo Hus.1823 Dup.quimico Aut.x 50 Jue. Debe parecer escrita por un humano, clara, profesional y orientada a ventas. Primero un párrafo corto y luego características en líneas separadas.",
5391,"Escribe una descripción comercial para una tienda de informática sobre el producto: Recibo Hus.1820 Dup.quimico Ley 17250-. Debe parecer escrita por un humano, clara, profesional y orientada a ventas. Primero un párrafo corto y luego características en líneas separadas.",
5393,"Escribe una descripción comercial para una tienda de informática sobre el producto: Pedido Hus. 1612 Trip.x 25 Juegos. Debe parecer escrita por un humano, clara, profesional y orientada a ventas. Primero un párrafo corto y luego características en líneas separadas.",
5395,"Escribe una descripción comercial para una tienda de informática sobre el producto: Pagare Hus.1900. Debe parecer escrita por un humano, clara, profesional y orientada a ventas. Primero un párrafo corto y luego características en líneas separadas.",
5410,"Escribe una descripción comercial para una tienda de informática sobre el producto: Presup.hus.1819 Duplicados X 50 Juegos. Debe parecer escrita por un humano, clara, profesional y orientada a ventas. Primero un párrafo corto y luego características en líneas separadas.",
5411,"Escribe una descripción comercial para una tienda de informática sobre el producto: Presup.hus.1815 Duplicados X 50 Juegos. Debe parecer escrita por un humano, clara, profesional y orientada a ventas. Primero un párrafo corto y luego características en líneas separadas.",
5414,"Escribe una descripción comercial para una tienda de informática sobre el producto: Presupuesto Alianza Grande Duplicado. Debe parecer escrita por un humano, clara, profesional y orientada a ventas. Primero un párrafo corto y luego características en líneas separadas.",
5424,"Escribe una descripción comercial para una tienda de informática sobre el producto: Tijera Maped Oficce  17 Cm. Debe parecer escrita por un humano, clara, profesional y orientada a ventas. Primero un párrafo corto y luego características en líneas separadas.",
5430,"Escribe una descripción comercial para una tienda de informática sobre el producto: Tinta Trabi Recarga Para Sellos Negra. Debe parecer escrita por un humano, clara, profesional y orientada a ventas. Primero un párrafo corto y luego características en líneas separadas.",
5434,"Escribe una descripción comercial para una tienda de informática sobre el producto: Tinta Edding P/marc T25 Agua. Debe parecer escrita por un humano, clara, profesional y orientada a ventas. Primero un párrafo corto y luego características en líneas separadas.",
5442,"Escribe una descripción comercial para una tienda de informática sobre el producto: Tizas Alborada Colores X 12 Unidades. Debe parecer escrita por un humano, clara, profesional y orientada a ventas. Primero un párrafo corto y luego características en líneas separadas.",
5444,"Escribe una descripción comercial para una tienda de informática sobre el producto: Tizas Alborada Blancas X 12 Unidades. Debe parecer escrita por un humano, clara, profesional y orientada a ventas. Primero un párrafo corto y luego características en líneas separadas.",
5447,"Escribe una descripción comercial para una tienda de informática sobre el producto: Block A5 - Alfa - 80 Hj - Espiral - Rayado. Debe parecer escrita por un humano, clara, profesional y orientada a ventas. Primero un párrafo corto y luego características en líneas separadas.",
5454,"Escribe una descripción comercial para una tienda de informática sobre el producto: Libreta Rayada S/indice N*30 -80 Hj. Debe parecer escrita por un humano, clara, profesional y orientada a ventas. Primero un párrafo corto y luego características en líneas separadas.",
5467,"Escribe una descripción comercial para una tienda de informática sobre el producto: Casio Fr-2650rc - 12 Dig- Con/impresor - 2 Colores. Debe parecer escrita por un humano, clara, profesional y orientada a ventas. Primero un párrafo corto y luego características en líneas separadas.",
5468,"Escribe una descripción comercial para una tienda de informática sobre el producto: Olivetti Logos 802. Debe parecer escrita por un humano, clara, profesional y orientada a ventas. Primero un párrafo corto y luego características en líneas separadas.",
5478,"Escribe una descripción comercial para una tienda de informática sobre el producto: Cizalla  Dasa Regla-dgr-350 Porta-3 Hj. Debe parecer escrita por un humano, clara, profesional y orientada a ventas. Primero un párrafo corto y luego características en líneas separadas.",
5479,"Escribe una descripción comercial para una tienda de informática sobre el producto: Tinta Brother Bt D100 C. Debe parecer escrita por un humano, clara, profesional y orientada a ventas. Primero un párrafo corto y luego características en líneas separadas.",
5480,"Escribe una descripción comercial para una tienda de informática sobre el producto: Tinta Epson T0731 Negro Bj -. Debe parecer escrita por un humano, clara, profesional y orientada a ventas. Primero un párrafo corto y luego características en líneas separadas.",
5482,"Escribe una descripción comercial para una tienda de informática sobre el producto: Cabezal Troquelado -dgr350/450. Debe parecer escrita por un humano, clara, profesional y orientada a ventas. Primero un párrafo corto y luego características en líneas separadas.",
5484,"Escribe una descripción comercial para una tienda de informática sobre el producto: Calculadora Cientifica Libert Rcal-02-sin Pilas. Debe parecer escrita por un humano, clara, profesional y orientada a ventas. Primero un párrafo corto y luego características en líneas separadas.",
5486,"Escribe una descripción comercial para una tienda de informática sobre el producto: Toner Hp 150a Con Chip Bj. Debe parecer escrita por un humano, clara, profesional y orientada a ventas. Primero un párrafo corto y luego características en líneas separadas.",
5487,"Escribe una descripción comercial para una tienda de informática sobre el producto: Toner Hp 105 Sin Chip - Leon. Debe parecer escrita por un humano, clara, profesional y orientada a ventas. Primero un párrafo corto y luego características en líneas separadas.",
5499,"Escribe una descripción comercial para una tienda de informática sobre el producto: Hus- A4 - 7844 - Micrperf.en 2 X500h. Debe parecer escrita por un humano, clara, profesional y orientada a ventas. Primero un párrafo corto y luego características en líneas separadas.",
5501,"Escribe una descripción comercial para una tienda de informática sobre el producto: Marcador Edding 180 Al Agua Rojo P .redo. Debe parecer escrita por un humano, clara, profesional y orientada a ventas. Primero un párrafo corto y luego características en líneas separadas.",
5506,"Escribe una descripción comercial para una tienda de informática sobre el producto: Toner Hp Q6511a. Debe parecer escrita por un humano, clara, profesional y orientada a ventas. Primero un párrafo corto y luego características en líneas separadas.",
5508,"Escribe una descripción comercial para una tienda de informática sobre el producto: Registrador Datazone Of.gris Basi Impre. Debe parecer escrita por un humano, clara, profesional y orientada a ventas. Primero un párrafo corto y luego características en líneas separadas.",
5534,"Escribe una descripción comercial para una tienda de informática sobre el producto: Tinta Brother Bt D100 Y. Debe parecer escrita por un humano, clara, profesional y orientada a ventas. Primero un párrafo corto y luego características en líneas separadas.",
5546,"Escribe una descripción comercial para una tienda de informática sobre el producto: Correccion De Fecha Y Hora. Debe parecer escrita por un humano, clara, profesional y orientada a ventas. Primero un párrafo corto y luego características en líneas separadas.",
5555,"Escribe una descripción comercial para una tienda de informática sobre el producto: Toner Hp 1103a-c/chip-neverstop-bj. Debe parecer escrita por un humano, clara, profesional y orientada a ventas. Primero un párrafo corto y luego características en líneas separadas.",
5568,"Escribe una descripción comercial para una tienda de informática sobre el producto: Hasar R-6100 - Nueva Generacion. Debe parecer escrita por un humano, clara, profesional y orientada a ventas. Primero un párrafo corto y luego características en líneas separadas.",
5587,"Escribe una descripción comercial para una tienda de informática sobre el producto: Exaktus Ex-12 -12 Digitos  13x10. Debe parecer escrita por un humano, clara, profesional y orientada a ventas. Primero un párrafo corto y luego características en líneas separadas.",
5588,"Escribe una descripción comercial para una tienda de informática sobre el producto: Exaktus Ex-10 -10 Dig-visor Elevado-. Debe parecer escrita por un humano, clara, profesional y orientada a ventas. Primero un párrafo corto y luego características en líneas separadas.",
5600,"Escribe una descripción comercial para una tienda de informática sobre el producto: Etiq Hus H34130 - 30 X 100hj  A4. Debe parecer escrita por un humano, clara, profesional y orientada a ventas. Primero un párrafo corto y luego características en líneas separadas.",
5604,"Escribe una descripción comercial para una tienda de informática sobre el producto: Exaktus Ex-82  244 Funciones -cientifica. Debe parecer escrita por un humano, clara, profesional y orientada a ventas. Primero un párrafo corto y luego características en líneas separadas.",
5608,"Escribe una descripción comercial para una tienda de informática sobre el producto: Ledes  Autor Legal 75g 216x356. Debe parecer escrita por un humano, clara, profesional y orientada a ventas. Primero un párrafo corto y luego características en líneas separadas.",
5611,"Escribe una descripción comercial para una tienda de informática sobre el producto: Cable 220 Monitor-cpu 1 8 Mts. Debe parecer escrita por un humano, clara, profesional y orientada a ventas. Primero un párrafo corto y luego características en líneas separadas.",
5614,"Escribe una descripción comercial para una tienda de informática sobre el producto: Perfor. Metalica Chica  Dl8230. Debe parecer escrita por un humano, clara, profesional y orientada a ventas. Primero un párrafo corto y luego características en líneas separadas.",
5615,"Escribe una descripción comercial para una tienda de informática sobre el producto: Microfibra Stabilo Point 88 Verde. Debe parecer escrita por un humano, clara, profesional y orientada a ventas. Primero un párrafo corto y luego características en líneas separadas.",
5616,"Escribe una descripción comercial para una tienda de informática sobre el producto: Microfibra Stabilo Point 88 Rojo. Debe parecer escrita por un humano, clara, profesional y orientada a ventas. Primero un párrafo corto y luego características en líneas separadas.",
5617,"Escribe una descripción comercial para una tienda de informática sobre el producto: Hojas P/plastificar En Frio 40x50cm X 10. Debe parecer escrita por un humano, clara, profesional y orientada a ventas. Primero un párrafo corto y luego características en líneas separadas.",
5623,"Escribe una descripción comercial para una tienda de informática sobre el producto: Tinta Coprint Universal 100 Ml Magenta. Debe parecer escrita por un humano, clara, profesional y orientada a ventas. Primero un párrafo corto y luego características en líneas separadas.",
5627,"Escribe una descripción comercial para una tienda de informática sobre el producto: Cartucho Tinta R. Impresora. Debe parecer escrita por un humano, clara, profesional y orientada a ventas. Primero un párrafo corto y luego características en líneas separadas.",
5650,"Escribe una descripción comercial para una tienda de informática sobre el producto: Ups 5v P/ Reloj. Debe parecer escrita por un humano, clara, profesional y orientada a ventas. Primero un párrafo corto y luego características en líneas separadas.",
5668,"Escribe una descripción comercial para una tienda de informática sobre el producto: Etiquetadora Maruzen 2l Mx6600. Debe parecer escrita por un humano, clara, profesional y orientada a ventas. Primero un párrafo corto y luego características en líneas separadas.",
5670,"Escribe una descripción comercial para una tienda de informática sobre el producto: Bolig.bic Round Stic 1mm Negro. Debe parecer escrita por un humano, clara, profesional y orientada a ventas. Primero un párrafo corto y luego características en líneas separadas.",
5672,"Escribe una descripción comercial para una tienda de informática sobre el producto: Pilas Energizer Ecr-2032 Lithium. Debe parecer escrita por un humano, clara, profesional y orientada a ventas. Primero un párrafo corto y luego características en líneas separadas.",
5679,"Escribe una descripción comercial para una tienda de informática sobre el producto: Toner Hp 285/435a/436a -leon. Debe parecer escrita por un humano, clara, profesional y orientada a ventas. Primero un párrafo corto y luego características en líneas separadas.",
5684,"Escribe una descripción comercial para una tienda de informática sobre el producto: Cofre Libro Cl2 -266x190x72. Debe parecer escrita por un humano, clara, profesional y orientada a ventas. Primero un párrafo corto y luego características en líneas separadas.",
5686,"Escribe una descripción comercial para una tienda de informática sobre el producto: Base Para Notebok -cooler. Debe parecer escrita por un humano, clara, profesional y orientada a ventas. Primero un párrafo corto y luego características en líneas separadas.",
5687,"Escribe una descripción comercial para una tienda de informática sobre el producto: Espirales P.v.c  9mm Trans.x 50 Unid-75h. Debe parecer escrita por un humano, clara, profesional y orientada a ventas. Primero un párrafo corto y luego características en líneas separadas.",
5688,"Escribe una descripción comercial para una tienda de informática sobre el producto: Espirales P.v.c 14mm Trans.x50 Unid-125h. Debe parecer escrita por un humano, clara, profesional y orientada a ventas. Primero un párrafo corto y luego características en líneas separadas.",
5689,"Escribe una descripción comercial para una tienda de informática sobre el producto: Espirales P.v.c 20mm Trans.x50 Unid-175h. Debe parecer escrita por un humano, clara, profesional y orientada a ventas. Primero un párrafo corto y luego características en líneas separadas.",
5691,"Escribe una descripción comercial para una tienda de informática sobre el producto: Tapas P.p.line Trans.of.400 Mic.x50. Debe parecer escrita por un humano, clara, profesional y orientada a ventas. Primero un párrafo corto y luego características en líneas separadas.",
5692,"Escribe una descripción comercial para una tienda de informática sobre el producto: Tapas P.p.line Opaco Of.negro 400mic.xun. Debe parecer escrita por un humano, clara, profesional y orientada a ventas. Primero un párrafo corto y luego características en líneas separadas.",
5694,"Escribe una descripción comercial para una tienda de informática sobre el producto: Notebook Sin Sistema Operativo - Garantía 6 Meses. Debe parecer escrita por un humano, clara, profesional y orientada a ventas. Primero un párrafo corto y luego características en líneas separadas.",
5696,"Escribe una descripción comercial para una tienda de informática sobre el producto: Tela Teflonada P/selladora C200 X 3. Debe parecer escrita por un humano, clara, profesional y orientada a ventas. Primero un párrafo corto y luego características en líneas separadas.",
5697,"Escribe una descripción comercial para una tienda de informática sobre el producto: Tela Teflonada P/selladora C300 X 3. Debe parecer escrita por un humano, clara, profesional y orientada a ventas. Primero un párrafo corto y luego características en líneas separadas.",
5698,"Escribe una descripción comercial para una tienda de informática sobre el producto: Adhesivo Barra Pizzini 8g. Debe parecer escrita por un humano, clara, profesional y orientada a ventas. Primero un párrafo corto y luego características en líneas separadas.",
5702,"Escribe una descripción comercial para una tienda de informática sobre el producto: Lic. Sofware C.in.ti.a Full. Debe parecer escrita por un humano, clara, profesional y orientada a ventas. Primero un párrafo corto y luego características en líneas separadas.",
5703,"Escribe una descripción comercial para una tienda de informática sobre el producto: Lic. Sofware C.in.ti.a Base-. Debe parecer escrita por un humano, clara, profesional y orientada a ventas. Primero un párrafo corto y luego características en líneas separadas.",
5707,"Escribe una descripción comercial para una tienda de informática sobre el producto: Producto Generica Std. Debe parecer escrita por un humano, clara, profesional y orientada a ventas. Primero un párrafo corto y luego características en líneas separadas.",
5708,"Escribe una descripción comercial para una tienda de informática sobre el producto: Producto Generica Std. Debe parecer escrita por un humano, clara, profesional y orientada a ventas. Primero un párrafo corto y luego características en líneas separadas.",
5709,"Escribe una descripción comercial para una tienda de informática sobre el producto: Fuente Pc Gamer. Debe parecer escrita por un humano, clara, profesional y orientada a ventas. Primero un párrafo corto y luego características en líneas separadas.",
5710,"Escribe una descripción comercial para una tienda de informática sobre el producto: Auriculares. Debe parecer escrita por un humano, clara, profesional y orientada a ventas. Primero un párrafo corto y luego características en líneas separadas.",
5712,"Escribe una descripción comercial para una tienda de informática sobre el producto: Fuente  Calculadoras. Debe parecer escrita por un humano, clara, profesional y orientada a ventas. Primero un párrafo corto y luego características en líneas separadas.",
5727,"Escribe una descripción comercial para una tienda de informática sobre el producto: Cable Trebol 220v. Debe parecer escrita por un humano, clara, profesional y orientada a ventas. Primero un párrafo corto y luego características en líneas separadas.",
5740,"Escribe una descripción comercial para una tienda de informática sobre el producto: Rollo Term -1156- Hus 57x30 .x 10u. Debe parecer escrita por un humano, clara, profesional y orientada a ventas. Primero un párrafo corto y luego características en líneas separadas.",
5747,"Escribe una descripción comercial para una tienda de informática sobre el producto: Biblioteca Sql Puertas Metal - 901. Debe parecer escrita por un humano, clara, profesional y orientada a ventas. Primero un párrafo corto y luego características en líneas separadas.",
5751,"Escribe una descripción comercial para una tienda de informática sobre el producto: Pilas Vapex  Aaa Recargable X 2. Debe parecer escrita por un humano, clara, profesional y orientada a ventas. Primero un párrafo corto y luego características en líneas separadas.",
5754,"Escribe una descripción comercial para una tienda de informática sobre el producto: Bateria 12v 5a. Debe parecer escrita por un humano, clara, profesional y orientada a ventas. Primero un párrafo corto y luego características en líneas separadas.",
5766,"Escribe una descripción comercial para una tienda de informática sobre el producto: Toner Brother Tn- 880 Bj. Debe parecer escrita por un humano, clara, profesional y orientada a ventas. Primero un párrafo corto y luego características en líneas separadas.",
5773,"Escribe una descripción comercial para una tienda de informática sobre el producto: Microfibra Toyo Point 98 F. Line. Debe parecer escrita por un humano, clara, profesional y orientada a ventas. Primero un párrafo corto y luego características en líneas separadas.",
5776,"Escribe una descripción comercial para una tienda de informática sobre el producto: Bolig.roller Sps Pubta 0,5. Debe parecer escrita por un humano, clara, profesional y orientada a ventas. Primero un párrafo corto y luego características en líneas separadas.",
5778,"Escribe una descripción comercial para una tienda de informática sobre el producto: Etiq.bal.hus-51905-termico Top 55x44x500. Debe parecer escrita por un humano, clara, profesional y orientada a ventas. Primero un párrafo corto y luego características en líneas separadas.",
5788,"Escribe una descripción comercial para una tienda de informática sobre el producto: Puntero Laser. Debe parecer escrita por un humano, clara, profesional y orientada a ventas. Primero un párrafo corto y luego características en líneas separadas.",
5800,"Escribe una descripción comercial para una tienda de informática sobre el producto: Silla Rudy-r3-silla Baja C/tt Gas. Debe parecer escrita por un humano, clara, profesional y orientada a ventas. Primero un párrafo corto y luego características en líneas separadas.",
5821,"Escribe una descripción comercial para una tienda de informática sobre el producto: Indice P/bibliorato. Debe parecer escrita por un humano, clara, profesional y orientada a ventas. Primero un párrafo corto y luego características en líneas separadas.",
5837,"Escribe una descripción comercial para una tienda de informática sobre el producto: Goma Maped Mini Technic Lapiz. Debe parecer escrita por un humano, clara, profesional y orientada a ventas. Primero un párrafo corto y luego características en líneas separadas.",
5841,"Escribe una descripción comercial para una tienda de informática sobre el producto: Bolig.bic 1mm Verde X Unidad. Debe parecer escrita por un humano, clara, profesional y orientada a ventas. Primero un párrafo corto y luego características en líneas separadas.",
5842,"Escribe una descripción comercial para una tienda de informática sobre el producto: Silla 850-s5- Silla Giratoria A Gas P/br. Debe parecer escrita por un humano, clara, profesional y orientada a ventas. Primero un párrafo corto y luego características en líneas separadas.",
5844,"Escribe una descripción comercial para una tienda de informática sobre el producto: Revistero Alpha N*4019. Debe parecer escrita por un humano, clara, profesional y orientada a ventas. Primero un párrafo corto y luego características en líneas separadas.",
5845,"Escribe una descripción comercial para una tienda de informática sobre el producto: Exaktus Er-100 -12 Dig- C/impresor. Debe parecer escrita por un humano, clara, profesional y orientada a ventas. Primero un párrafo corto y luego características en líneas separadas.",
5848,"Escribe una descripción comercial para una tienda de informática sobre el producto: Toner Hp 283a Leon. Debe parecer escrita por un humano, clara, profesional y orientada a ventas. Primero un párrafo corto y luego características en líneas separadas.",
5849,"Escribe una descripción comercial para una tienda de informática sobre el producto: Impresora Cod  Barras  Zebra. Debe parecer escrita por un humano, clara, profesional y orientada a ventas. Primero un párrafo corto y luego características en líneas separadas.",
5850,"Escribe una descripción comercial para una tienda de informática sobre el producto: Ribon Para Zebra 2844 110x74. Debe parecer escrita por un humano, clara, profesional y orientada a ventas. Primero un párrafo corto y luego características en líneas separadas.",
5851,"Escribe una descripción comercial para una tienda de informática sobre el producto: Etiq.80x50 1b P/zebra Pi B40 X1000. Debe parecer escrita por un humano, clara, profesional y orientada a ventas. Primero un párrafo corto y luego características en líneas separadas.",
5853,"Escribe una descripción comercial para una tienda de informática sobre el producto: Tinta Hp T51b- Negro - Bj - 90 Ml. Debe parecer escrita por un humano, clara, profesional y orientada a ventas. Primero un párrafo corto y luego características en líneas separadas.",
5854,"Escribe una descripción comercial para una tienda de informática sobre el producto: Etiq Hus H34114 - 14 X 100hj  A4. Debe parecer escrita por un humano, clara, profesional y orientada a ventas. Primero un párrafo corto y luego características en líneas separadas.",
5870,"Escribe una descripción comercial para una tienda de informática sobre el producto: Toner Kyocera - 1kg- 1370-2810-1500. Debe parecer escrita por un humano, clara, profesional y orientada a ventas. Primero un párrafo corto y luego características en líneas separadas.",
5871,"Escribe una descripción comercial para una tienda de informática sobre el producto: Ledes  Autor A4 80g 210x297 X 10 Resmas. Debe parecer escrita por un humano, clara, profesional y orientada a ventas. Primero un párrafo corto y luego características en líneas separadas.",
5872,"Escribe una descripción comercial para una tienda de informática sobre el producto: Pilas Energizer Alcalina  Aa X 1. Debe parecer escrita por un humano, clara, profesional y orientada a ventas. Primero un párrafo corto y luego características en líneas separadas.",
5877,"Escribe una descripción comercial para una tienda de informática sobre el producto: Etiq.101x101 Ilus.  (rollox480). Debe parecer escrita por un humano, clara, profesional y orientada a ventas. Primero un párrafo corto y luego características en líneas separadas.",
5880,"Escribe una descripción comercial para una tienda de informática sobre el producto: Impresora Laser. Debe parecer escrita por un humano, clara, profesional y orientada a ventas. Primero un párrafo corto y luego características en líneas separadas.",
5898,"Escribe una descripción comercial para una tienda de informática sobre el producto: Porta Credencial C/broche Y Alfiler X Un. Debe parecer escrita por un humano, clara, profesional y orientada a ventas. Primero un párrafo corto y luego características en líneas separadas.",
5900,"Escribe una descripción comercial para una tienda de informática sobre el producto: Cizalla Dasa Rotat-office A4 -5 Hojas. Debe parecer escrita por un humano, clara, profesional y orientada a ventas. Primero un párrafo corto y luego características en líneas separadas.",
5901,"Escribe una descripción comercial para una tienda de informática sobre el producto: Cizalla Dasa Rotat-office A3 -5hj. Debe parecer escrita por un humano, clara, profesional y orientada a ventas. Primero un párrafo corto y luego características en líneas separadas.",
5910,"Escribe una descripción comercial para una tienda de informática sobre el producto: Cuad.22x29 Husares Ry Espiral 80 Hj. Debe parecer escrita por un humano, clara, profesional y orientada a ventas. Primero un párrafo corto y luego características en líneas separadas.",
5913,"Escribe una descripción comercial para una tienda de informática sobre el producto: Ups Trv 650a Neo 4t S/soft. Debe parecer escrita por un humano, clara, profesional y orientada a ventas. Primero un párrafo corto y luego características en líneas separadas.",
5921,"Escribe una descripción comercial para una tienda de informática sobre el producto: Rollo Term -1143- Hus 44x50 .x10u. Debe parecer escrita por un humano, clara, profesional y orientada a ventas. Primero un párrafo corto y luego características en líneas separadas.",
5922,"Escribe una descripción comercial para una tienda de informática sobre el producto: Bolig.bic Cristal 0 8mm Fina Azul. Debe parecer escrita por un humano, clara, profesional y orientada a ventas. Primero un párrafo corto y luego características en líneas separadas.",
5923,"Escribe una descripción comercial para una tienda de informática sobre el producto: Bolig.bic Cristal 0 8mm Fina Negra. Debe parecer escrita por un humano, clara, profesional y orientada a ventas. Primero un párrafo corto y luego características en líneas separadas.",
5930,"Escribe una descripción comercial para una tienda de informática sobre el producto: Caset Hasar Sm-700 - Gtc - Hasar 441. Debe parecer escrita por un humano, clara, profesional y orientada a ventas. Primero un párrafo corto y luego características en líneas separadas.",
5941,"Escribe una descripción comercial para una tienda de informática sobre el producto: Lector Kross -ls 1000 - Inalambrico. Debe parecer escrita por un humano, clara, profesional y orientada a ventas. Primero un párrafo corto y luego características en líneas separadas.",
5942,"Escribe una descripción comercial para una tienda de informática sobre el producto: Cargador Notebook Universal 40 W. Debe parecer escrita por un humano, clara, profesional y orientada a ventas. Primero un párrafo corto y luego características en líneas separadas.",
5948,"Escribe una descripción comercial para una tienda de informática sobre el producto: Toner Hp 255a - Bj. Debe parecer escrita por un humano, clara, profesional y orientada a ventas. Primero un párrafo corto y luego características en líneas separadas.",
5958,"Escribe una descripción comercial para una tienda de informática sobre el producto: Roller Vincher  0 7 Azul - Negra  2304. Debe parecer escrita por un humano, clara, profesional y orientada a ventas. Primero un párrafo corto y luego características en líneas separadas.",
5967,"Escribe una descripción comercial para una tienda de informática sobre el producto: Kyocera Ecosys P2040dw  Duplex-red-w. Debe parecer escrita por un humano, clara, profesional y orientada a ventas. Primero un párrafo corto y luego características en líneas separadas.",
5981,"Escribe una descripción comercial para una tienda de informática sobre el producto: Tinta Epson T1334  Amarillo Coprint. Debe parecer escrita por un humano, clara, profesional y orientada a ventas. Primero un párrafo corto y luego características en líneas separadas.",
5990,"Escribe una descripción comercial para una tienda de informática sobre el producto: Goma Maped  Esential Soft 40. Debe parecer escrita por un humano, clara, profesional y orientada a ventas. Primero un párrafo corto y luego características en líneas separadas.",
5993,"Escribe una descripción comercial para una tienda de informática sobre el producto: Fuente Switching Para Relojes. Debe parecer escrita por un humano, clara, profesional y orientada a ventas. Primero un párrafo corto y luego características en líneas separadas.",
5994,"Escribe una descripción comercial para una tienda de informática sobre el producto: Rollo Term -1180- Hus 80x45 .x  8u. Debe parecer escrita por un humano, clara, profesional y orientada a ventas. Primero un párrafo corto y luego características en líneas separadas.",
600,"Escribe una descripción comercial para una tienda de informática sobre el producto: Drum Brother Dr 630/660. Debe parecer escrita por un humano, clara, profesional y orientada a ventas. Primero un párrafo corto y luego características en líneas separadas.",
6003,"Escribe una descripción comercial para una tienda de informática sobre el producto: Portaminas 0 5 Mm Pizzini 1439f Facetado. Debe parecer escrita por un humano, clara, profesional y orientada a ventas. Primero un párrafo corto y luego características en líneas separadas.",
6005,"Escribe una descripción comercial para una tienda de informática sobre el producto: Portaminas 0 5 Mm Pizzini 1435 R Metal. Debe parecer escrita por un humano, clara, profesional y orientada a ventas. Primero un párrafo corto y luego características en líneas separadas.",
6006,"Escribe una descripción comercial para una tienda de informática sobre el producto: Portaminas 0 5 Mm Isofit 205-5 - Pl. Debe parecer escrita por un humano, clara, profesional y orientada a ventas. Primero un párrafo corto y luego características en líneas separadas.",
6021,"Escribe una descripción comercial para una tienda de informática sobre el producto: Casio Jf- 200tv - 12 Dig-. Debe parecer escrita por un humano, clara, profesional y orientada a ventas. Primero un párrafo corto y luego características en líneas separadas.",
6025,"Escribe una descripción comercial para una tienda de informática sobre el producto: Toner Kyocera Tk-137 Km-2810  7200 Pag. Debe parecer escrita por un humano, clara, profesional y orientada a ventas. Primero un párrafo corto y luego características en líneas separadas.",
6026,"Escribe una descripción comercial para una tienda de informática sobre el producto: Toner Samsung 111nc Leon (nuevo Chip). Debe parecer escrita por un humano, clara, profesional y orientada a ventas. Primero un párrafo corto y luego características en líneas separadas.",
6033,"Escribe una descripción comercial para una tienda de informática sobre el producto: Etiq.bal.55x43 - Termico Top X 500 Br. Debe parecer escrita por un humano, clara, profesional y orientada a ventas. Primero un párrafo corto y luego características en líneas separadas.",
6035,"Escribe una descripción comercial para una tienda de informática sobre el producto: Tinta Epson T1332  Cyan Original. Debe parecer escrita por un humano, clara, profesional y orientada a ventas. Primero un párrafo corto y luego características en líneas separadas.",
6036,"Escribe una descripción comercial para una tienda de informática sobre el producto: Tinta Epson T1333  Magenta Original. Debe parecer escrita por un humano, clara, profesional y orientada a ventas. Primero un párrafo corto y luego características en líneas separadas.",
6037,"Escribe una descripción comercial para una tienda de informática sobre el producto: Tinta Epson T1334  Amarillo Original. Debe parecer escrita por un humano, clara, profesional y orientada a ventas. Primero un párrafo corto y luego características en líneas separadas.",
6038,"Escribe una descripción comercial para una tienda de informática sobre el producto: Tinta Epson T1351 Negro -original. Debe parecer escrita por un humano, clara, profesional y orientada a ventas. Primero un párrafo corto y luego características en líneas separadas.",
604,"Escribe una descripción comercial para una tienda de informática sobre el producto: Tinta Epson T544 - Negra - Leon. Debe parecer escrita por un humano, clara, profesional y orientada a ventas. Primero un párrafo corto y luego características en líneas separadas.",
6040,"Escribe una descripción comercial para una tienda de informática sobre el producto: Tinta Hp 60xl Negro Leon. Debe parecer escrita por un humano, clara, profesional y orientada a ventas. Primero un párrafo corto y luego características en líneas separadas.",
6041,"Escribe una descripción comercial para una tienda de informática sobre el producto: Tinta Hp 60xl Color Leon. Debe parecer escrita por un humano, clara, profesional y orientada a ventas. Primero un párrafo corto y luego características en líneas separadas.",
6044,"Escribe una descripción comercial para una tienda de informática sobre el producto: Tinta Hp M615a Negro Bj - 42mm. Debe parecer escrita por un humano, clara, profesional y orientada a ventas. Primero un párrafo corto y luego características en líneas separadas.",
6047,"Escribe una descripción comercial para una tienda de informática sobre el producto: Tinta Hp 664xl Negro Leon. Debe parecer escrita por un humano, clara, profesional y orientada a ventas. Primero un párrafo corto y luego características en líneas separadas.",
605,"Escribe una descripción comercial para una tienda de informática sobre el producto: Tinta Epson T544c Leon. Debe parecer escrita por un humano, clara, profesional y orientada a ventas. Primero un párrafo corto y luego características en líneas separadas.",
6050,"Escribe una descripción comercial para una tienda de informática sobre el producto: Caset Rotul Brother Tze-231-12 Mm-8m. Debe parecer escrita por un humano, clara, profesional y orientada a ventas. Primero un párrafo corto y luego características en líneas separadas.",
6057,"Escribe una descripción comercial para una tienda de informática sobre el producto: Atencion Cpu. Debe parecer escrita por un humano, clara, profesional y orientada a ventas. Primero un párrafo corto y luego características en líneas separadas.",
6058,"Escribe una descripción comercial para una tienda de informática sobre el producto: Atencion Tradicionales. Debe parecer escrita por un humano, clara, profesional y orientada a ventas. Primero un párrafo corto y luego características en líneas separadas.",
606,"Escribe una descripción comercial para una tienda de informática sobre el producto: Tinta Epson T544 - Magenta -  Leon. Debe parecer escrita por un humano, clara, profesional y orientada a ventas. Primero un párrafo corto y luego características en líneas separadas.",
6060,"Escribe una descripción comercial para una tienda de informática sobre el producto: Pad Mouse. Debe parecer escrita por un humano, clara, profesional y orientada a ventas. Primero un párrafo corto y luego características en líneas separadas.",
6062,"Escribe una descripción comercial para una tienda de informática sobre el producto: Atencion Otros Comput.. Debe parecer escrita por un humano, clara, profesional y orientada a ventas. Primero un párrafo corto y luego características en líneas separadas.",
6063,"Escribe una descripción comercial para una tienda de informática sobre el producto: Atencion Notebook Y Netbook. Debe parecer escrita por un humano, clara, profesional y orientada a ventas. Primero un párrafo corto y luego características en líneas separadas.",
6064,"Escribe una descripción comercial para una tienda de informática sobre el producto: Atencion Pc All In One. Debe parecer escrita por un humano, clara, profesional y orientada a ventas. Primero un párrafo corto y luego características en líneas separadas.",
6065,"Escribe una descripción comercial para una tienda de informática sobre el producto: Atencion Impresora. Debe parecer escrita por un humano, clara, profesional y orientada a ventas. Primero un párrafo corto y luego características en líneas separadas.",
6066,"Escribe una descripción comercial para una tienda de informática sobre el producto: Atencion Fotocopiadora. Debe parecer escrita por un humano, clara, profesional y orientada a ventas. Primero un párrafo corto y luego características en líneas separadas.",
6067,"Escribe una descripción comercial para una tienda de informática sobre el producto: Atencion Contadora De Billetes. Debe parecer escrita por un humano, clara, profesional y orientada a ventas. Primero un párrafo corto y luego características en líneas separadas.",
6068,"Escribe una descripción comercial para una tienda de informática sobre el producto: Atencion Maq.de Calcular. Debe parecer escrita por un humano, clara, profesional y orientada a ventas. Primero un párrafo corto y luego características en líneas separadas.",
6069,"Escribe una descripción comercial para una tienda de informática sobre el producto: Atencion Maq.de Escribir. Debe parecer escrita por un humano, clara, profesional y orientada a ventas. Primero un párrafo corto y luego características en líneas separadas.",
607,"Escribe una descripción comercial para una tienda de informática sobre el producto: Tinta Epson T544 - Amarillo -  Leon. Debe parecer escrita por un humano, clara, profesional y orientada a ventas. Primero un párrafo corto y luego características en líneas separadas.",
6070,"Escribe una descripción comercial para una tienda de informática sobre el producto: Atencion Fiscal. Debe parecer escrita por un humano, clara, profesional y orientada a ventas. Primero un párrafo corto y luego características en líneas separadas.",
6071,"Escribe una descripción comercial para una tienda de informática sobre el producto: Atencion Reloj. Debe parecer escrita por un humano, clara, profesional y orientada a ventas. Primero un párrafo corto y luego características en líneas separadas.",
6072,"Escribe una descripción comercial para una tienda de informática sobre el producto: Atencion Redes. Debe parecer escrita por un humano, clara, profesional y orientada a ventas. Primero un párrafo corto y luego características en líneas separadas.",
6073,"Escribe una descripción comercial para una tienda de informática sobre el producto: Microfono. Debe parecer escrita por un humano, clara, profesional y orientada a ventas. Primero un párrafo corto y luego características en líneas separadas.",
6074,"Escribe una descripción comercial para una tienda de informática sobre el producto: Puerto Paralelo. Debe parecer escrita por un humano, clara, profesional y orientada a ventas. Primero un párrafo corto y luego características en líneas separadas.",
6075,"Escribe una descripción comercial para una tienda de informática sobre el producto: Puerto Serie. Debe parecer escrita por un humano, clara, profesional y orientada a ventas. Primero un párrafo corto y luego características en líneas separadas.",
6077,"Escribe una descripción comercial para una tienda de informática sobre el producto: Placa De Red USB Tp Link Tl-wn821. Debe parecer escrita por un humano, clara, profesional y orientada a ventas. Primero un párrafo corto y luego características en líneas separadas.",
6079,"Escribe una descripción comercial para una tienda de informática sobre el producto: Cooler Pc. Debe parecer escrita por un humano, clara, profesional y orientada a ventas. Primero un párrafo corto y luego características en líneas separadas.",
6083,"Escribe una descripción comercial para una tienda de informática sobre el producto: Toner Kyocera Tk-162   Fs-1120d 2500pag. Debe parecer escrita por un humano, clara, profesional y orientada a ventas. Primero un párrafo corto y luego características en líneas separadas.",
6088,"Escribe una descripción comercial para una tienda de informática sobre el producto: Tinta Hp 662xl Negro Office 18ml. Debe parecer escrita por un humano, clara, profesional y orientada a ventas. Primero un párrafo corto y luego características en líneas separadas.",
6091,"Escribe una descripción comercial para una tienda de informática sobre el producto: Toner Hp 150a - Sin Chip Leon. Debe parecer escrita por un humano, clara, profesional y orientada a ventas. Primero un párrafo corto y luego características en líneas separadas.",
6111,"Escribe una descripción comercial para una tienda de informática sobre el producto: Fotocopia. Debe parecer escrita por un humano, clara, profesional y orientada a ventas. Primero un párrafo corto y luego características en líneas separadas.",
6112,"Escribe una descripción comercial para una tienda de informática sobre el producto: Monitor Led. Debe parecer escrita por un humano, clara, profesional y orientada a ventas. Primero un párrafo corto y luego características en líneas separadas.",
6115,"Escribe una descripción comercial para una tienda de informática sobre el producto: Toner Hp 1103 Neverstop-recarga. Debe parecer escrita por un humano, clara, profesional y orientada a ventas. Primero un párrafo corto y luego características en líneas separadas.",
6128,"Escribe una descripción comercial para una tienda de informática sobre el producto: Tesoro De Arrimar-abulonar Cf-20di. Debe parecer escrita por un humano, clara, profesional y orientada a ventas. Primero un párrafo corto y luego características en líneas separadas.",
6130,"Escribe una descripción comercial para una tienda de informática sobre el producto: Tesoro De Arrimar-abulonar Cf-40di. Debe parecer escrita por un humano, clara, profesional y orientada a ventas. Primero un párrafo corto y luego características en líneas separadas.",
6173,"Escribe una descripción comercial para una tienda de informática sobre el producto: Tinta Hp 122xl Negro Leon. Debe parecer escrita por un humano, clara, profesional y orientada a ventas. Primero un párrafo corto y luego características en líneas separadas.",
6179,"Escribe una descripción comercial para una tienda de informática sobre el producto: Polvo De Toner M683 120gr. Debe parecer escrita por un humano, clara, profesional y orientada a ventas. Primero un párrafo corto y luego características en líneas separadas.",
618,"Escribe una descripción comercial para una tienda de informática sobre el producto: Fichero Metalico P/300 Fichas. Debe parecer escrita por un humano, clara, profesional y orientada a ventas. Primero un párrafo corto y luego características en líneas separadas.",
6180,"Escribe una descripción comercial para una tienda de informática sobre el producto: Toner Kyocera Tk-437 180/81 -15000 Pag. Debe parecer escrita por un humano, clara, profesional y orientada a ventas. Primero un párrafo corto y luego características en líneas separadas.",
6181,"Escribe una descripción comercial para una tienda de informática sobre el producto: Pouch  90x130  150 Mic X 100 Unidades. Debe parecer escrita por un humano, clara, profesional y orientada a ventas. Primero un párrafo corto y luego características en líneas separadas.",
6182,"Escribe una descripción comercial para una tienda de informática sobre el producto: Rollo Term -1182- Hus 80x30 X10u. Debe parecer escrita por un humano, clara, profesional y orientada a ventas. Primero un párrafo corto y luego características en líneas separadas.",
6187,"Escribe una descripción comercial para una tienda de informática sobre el producto: Fichas Hus 1704- N* 3 Rayadas X 100-c/co. Debe parecer escrita por un humano, clara, profesional y orientada a ventas. Primero un párrafo corto y luego características en líneas separadas.",
6192,"Escribe una descripción comercial para una tienda de informática sobre el producto: Toner Hp M510f Negro Bj. Debe parecer escrita por un humano, clara, profesional y orientada a ventas. Primero un párrafo corto y luego características en líneas separadas.",
6193,"Escribe una descripción comercial para una tienda de informática sobre el producto: Broches Kangaro 23/6 -1mm X 1000. Debe parecer escrita por un humano, clara, profesional y orientada a ventas. Primero un párrafo corto y luego características en líneas separadas.",
6199,"Escribe una descripción comercial para una tienda de informática sobre el producto: Repuesto 10 5. Debe parecer escrita por un humano, clara, profesional y orientada a ventas. Primero un párrafo corto y luego características en líneas separadas.",
6200,"Escribe una descripción comercial para una tienda de informática sobre el producto: Repuesto 21. Debe parecer escrita por un humano, clara, profesional y orientada a ventas. Primero un párrafo corto y luego características en líneas separadas.",
6201,"Escribe una descripción comercial para una tienda de informática sobre el producto: Pantalla  -  Para Notebook. Debe parecer escrita por un humano, clara, profesional y orientada a ventas. Primero un párrafo corto y luego características en líneas separadas.",
6216,"Escribe una descripción comercial para una tienda de informática sobre el producto: Abroch. Kanex  Mod-210 -24/6-26/6. Debe parecer escrita por un humano, clara, profesional y orientada a ventas. Primero un párrafo corto y luego características en líneas separadas.",
6237,"Escribe una descripción comercial para una tienda de informática sobre el producto: Rollo Term - 80x60 X 10 Br -48gr. Debe parecer escrita por un humano, clara, profesional y orientada a ventas. Primero un párrafo corto y luego características en líneas separadas.",
6238,"Escribe una descripción comercial para una tienda de informática sobre el producto: Broches Petrus 202  X 600 U. Debe parecer escrita por un humano, clara, profesional y orientada a ventas. Primero un párrafo corto y luego características en líneas separadas.",
6241,"Escribe una descripción comercial para una tienda de informática sobre el producto: Cuchilla P/grp 350 Troq. 2 Unidades.. Debe parecer escrita por un humano, clara, profesional y orientada a ventas. Primero un párrafo corto y luego características en líneas separadas.",
6248,"Escribe una descripción comercial para una tienda de informática sobre el producto: Toner Hp 258a - Con Chip - Bj. Debe parecer escrita por un humano, clara, profesional y orientada a ventas. Primero un párrafo corto y luego características en líneas separadas.",
6274,"Escribe una descripción comercial para una tienda de informática sobre el producto: Gaveta Solenoide N5 Cl. Debe parecer escrita por un humano, clara, profesional y orientada a ventas. Primero un párrafo corto y luego características en líneas separadas.",
6282,"Escribe una descripción comercial para una tienda de informática sobre el producto: Caset Hasar Sp200  Gtc - 715. Debe parecer escrita por un humano, clara, profesional y orientada a ventas. Primero un párrafo corto y luego características en líneas separadas.",
6289,"Escribe una descripción comercial para una tienda de informática sobre el producto: Tinta Hp 60xl Negro Gtc. Debe parecer escrita por un humano, clara, profesional y orientada a ventas. Primero un párrafo corto y luego características en líneas separadas.",
6290,"Escribe una descripción comercial para una tienda de informática sobre el producto: Toner Hp 352u - Amarillo - Bj. Debe parecer escrita por un humano, clara, profesional y orientada a ventas. Primero un párrafo corto y luego características en líneas separadas.",
6291,"Escribe una descripción comercial para una tienda de informática sobre el producto: Block Hus-6324- Esquela Liso 80hj. Debe parecer escrita por un humano, clara, profesional y orientada a ventas. Primero un párrafo corto y luego características en líneas separadas.",
6292,"Escribe una descripción comercial para una tienda de informática sobre el producto: Hasar R-6100 - Hshsac0000040410. Debe parecer escrita por un humano, clara, profesional y orientada a ventas. Primero un párrafo corto y luego características en líneas separadas.",
6295,"Escribe una descripción comercial para una tienda de informática sobre el producto: Marcador Edding Pintura 790 A Blanco. Debe parecer escrita por un humano, clara, profesional y orientada a ventas. Primero un párrafo corto y luego características en líneas separadas.",
6297,"Escribe una descripción comercial para una tienda de informática sobre el producto: Tijera Hm 125 Escolar. Debe parecer escrita por un humano, clara, profesional y orientada a ventas. Primero un párrafo corto y luego características en líneas separadas.",
6302,"Escribe una descripción comercial para una tienda de informática sobre el producto: Carp. Lama  A4 - Base Opaca  - Negra. Debe parecer escrita por un humano, clara, profesional y orientada a ventas. Primero un párrafo corto y luego características en líneas separadas.",
6307,"Escribe una descripción comercial para una tienda de informática sobre el producto: Registrador Datazone A4 Fashion. Debe parecer escrita por un humano, clara, profesional y orientada a ventas. Primero un párrafo corto y luego características en líneas separadas.",
6315,"Escribe una descripción comercial para una tienda de informática sobre el producto: Despojador Ecocuero Liso. Debe parecer escrita por un humano, clara, profesional y orientada a ventas. Primero un párrafo corto y luego características en líneas separadas.",
6316,"Escribe una descripción comercial para una tienda de informática sobre el producto: Portaminas Carven. Debe parecer escrita por un humano, clara, profesional y orientada a ventas. Primero un párrafo corto y luego características en líneas separadas.",
6317,"Escribe una descripción comercial para una tienda de informática sobre el producto: Toner Hp M513f Magenta Bj. Debe parecer escrita por un humano, clara, profesional y orientada a ventas. Primero un párrafo corto y luego características en líneas separadas.",
6334,"Escribe una descripción comercial para una tienda de informática sobre el producto: Tinta Epson T1332 Cyan Coprint. Debe parecer escrita por un humano, clara, profesional y orientada a ventas. Primero un párrafo corto y luego características en líneas separadas.",
6340,"Escribe una descripción comercial para una tienda de informática sobre el producto: Libro Unico De Registro Samsung. Debe parecer escrita por un humano, clara, profesional y orientada a ventas. Primero un párrafo corto y luego características en líneas separadas.",
6341,"Escribe una descripción comercial para una tienda de informática sobre el producto: Lic. Sofware  Asensbio2. Debe parecer escrita por un humano, clara, profesional y orientada a ventas. Primero un párrafo corto y luego características en líneas separadas.",
6344,"Escribe una descripción comercial para una tienda de informática sobre el producto: Toner Hp 217a - Con Chip Leon. Debe parecer escrita por un humano, clara, profesional y orientada a ventas. Primero un párrafo corto y luego características en líneas separadas.",
6345,"Escribe una descripción comercial para una tienda de informática sobre el producto: Toner Hp 258a  -sin Chip -leon. Debe parecer escrita por un humano, clara, profesional y orientada a ventas. Primero un párrafo corto y luego características en líneas separadas.",
6352,"Escribe una descripción comercial para una tienda de informática sobre el producto: Reloj Tha Tarjeta De Cartulina Y Huella. Debe parecer escrita por un humano, clara, profesional y orientada a ventas. Primero un párrafo corto y luego características en líneas separadas.",
6367,"Escribe una descripción comercial para una tienda de informática sobre el producto: Casio Fx-95-es Plus - 274 Funciones. Debe parecer escrita por un humano, clara, profesional y orientada a ventas. Primero un párrafo corto y luego características en líneas separadas.",
6370,"Escribe una descripción comercial para una tienda de informática sobre el producto: Atencion Centrales. Debe parecer escrita por un humano, clara, profesional y orientada a ventas. Primero un párrafo corto y luego características en líneas separadas.",
6376,"Escribe una descripción comercial para una tienda de informática sobre el producto: Casio Fx-991 Es Plus. Debe parecer escrita por un humano, clara, profesional y orientada a ventas. Primero un párrafo corto y luego características en líneas separadas.",
6382,"Escribe una descripción comercial para una tienda de informática sobre el producto: Bandas Elasticas Ezco  X  50gr-bolsa. Debe parecer escrita por un humano, clara, profesional y orientada a ventas. Primero un párrafo corto y luego características en líneas separadas.",
6394,"Escribe una descripción comercial para una tienda de informática sobre el producto: Kyocera Usada Fs-1370nd Red Y Dúpl. Debe parecer escrita por un humano, clara, profesional y orientada a ventas. Primero un párrafo corto y luego características en líneas separadas.",
6395,"Escribe una descripción comercial para una tienda de informática sobre el producto: Impresora Laser Brother 1617 Mfp. Debe parecer escrita por un humano, clara, profesional y orientada a ventas. Primero un párrafo corto y luego características en líneas separadas.",
6418,"Escribe una descripción comercial para una tienda de informática sobre el producto: Perfor. Kanex Punch - 30pp P/ 23 Hojas. Debe parecer escrita por un humano, clara, profesional y orientada a ventas. Primero un párrafo corto y luego características en líneas separadas.",
6419,"Escribe una descripción comercial para una tienda de informática sobre el producto: Perforadora Kanek Mod-20pp. Debe parecer escrita por un humano, clara, profesional y orientada a ventas. Primero un párrafo corto y luego características en líneas separadas.",
6420,"Escribe una descripción comercial para una tienda de informática sobre el producto: Entinta.maruzen 2 Lineas Mx 6600. Debe parecer escrita por un humano, clara, profesional y orientada a ventas. Primero un párrafo corto y luego características en líneas separadas.",
6441,"Escribe una descripción comercial para una tienda de informática sobre el producto: Rollo Hus Oq - 0262- 76x26 X 3u Premium. Debe parecer escrita por un humano, clara, profesional y orientada a ventas. Primero un párrafo corto y luego características en líneas separadas.",
6451,"Escribe una descripción comercial para una tienda de informática sobre el producto: Tinta Epson T1351  Negro Bj. Debe parecer escrita por un humano, clara, profesional y orientada a ventas. Primero un párrafo corto y luego características en líneas separadas.",
6456,"Escribe una descripción comercial para una tienda de informática sobre el producto: Pilas Energizer Recargable  Aa-2. Debe parecer escrita por un humano, clara, profesional y orientada a ventas. Primero un párrafo corto y luego características en líneas separadas.",
6457,"Escribe una descripción comercial para una tienda de informática sobre el producto: Toner Kyocera Tk-132- 1300/1350/2810 Esp. Debe parecer escrita por un humano, clara, profesional y orientada a ventas. Primero un párrafo corto y luego características en líneas separadas.",
6466,"Escribe una descripción comercial para una tienda de informática sobre el producto: Toner Samsung  101  Office  1 8k. Debe parecer escrita por un humano, clara, profesional y orientada a ventas. Primero un párrafo corto y luego características en líneas separadas.",
6472,"Escribe una descripción comercial para una tienda de informática sobre el producto: Tinta Epson T543 Magenta Bj 70 Ml. Debe parecer escrita por un humano, clara, profesional y orientada a ventas. Primero un párrafo corto y luego características en líneas separadas.",
6473,"Escribe una descripción comercial para una tienda de informática sobre el producto: Tinta Epson T542 Cyan Negro Bj 70 Ml. Debe parecer escrita por un humano, clara, profesional y orientada a ventas. Primero un párrafo corto y luego características en líneas separadas.",
6474,"Escribe una descripción comercial para una tienda de informática sobre el producto: Tinta Epson T644 Amarillo Bj 70 Ml. Debe parecer escrita por un humano, clara, profesional y orientada a ventas. Primero un párrafo corto y luego características en líneas separadas.",
6475,"Escribe una descripción comercial para una tienda de informática sobre el producto: Tinta Epson T541 Negro Bj  - 70ml. Debe parecer escrita por un humano, clara, profesional y orientada a ventas. Primero un párrafo corto y luego características en líneas separadas.",
6490,"Escribe una descripción comercial para una tienda de informática sobre el producto: Toner Hp M511f Cyan  Bj. Debe parecer escrita por un humano, clara, profesional y orientada a ventas. Primero un párrafo corto y luego características en líneas separadas.",
65,"Escribe una descripción comercial para una tienda de informática sobre el producto: Logocart Servicint. Debe parecer escrita por un humano, clara, profesional y orientada a ventas. Primero un párrafo corto y luego características en líneas separadas.",
651,"Escribe una descripción comercial para una tienda de informática sobre el producto: Impresora Laser Brother Hl-l5210-dn. Debe parecer escrita por un humano, clara, profesional y orientada a ventas. Primero un párrafo corto y luego características en líneas separadas.",
6513,"Escribe una descripción comercial para una tienda de informática sobre el producto: Toner Samsung  103 Bj. Debe parecer escrita por un humano, clara, profesional y orientada a ventas. Primero un párrafo corto y luego características en líneas separadas.",
6544,"Escribe una descripción comercial para una tienda de informática sobre el producto: Toner Hp 351u - Cian -  Bj. Debe parecer escrita por un humano, clara, profesional y orientada a ventas. Primero un párrafo corto y luego características en líneas separadas.",
6546,"Escribe una descripción comercial para una tienda de informática sobre el producto: Toner Hp 287a (9k)  Leon. Debe parecer escrita por un humano, clara, profesional y orientada a ventas. Primero un párrafo corto y luego características en líneas separadas.",
6553,"Escribe una descripción comercial para una tienda de informática sobre el producto: Libro Unico De Registro Epson. Debe parecer escrita por un humano, clara, profesional y orientada a ventas. Primero un párrafo corto y luego características en líneas separadas.",
6557,"Escribe una descripción comercial para una tienda de informática sobre el producto: Tinta Epson T0734 Amarillo Bj. Debe parecer escrita por un humano, clara, profesional y orientada a ventas. Primero un párrafo corto y luego características en líneas separadas.",
6558,"Escribe una descripción comercial para una tienda de informática sobre el producto: Tinta Epson T643 Magenta Bj 70 Ml. Debe parecer escrita por un humano, clara, profesional y orientada a ventas. Primero un párrafo corto y luego características en líneas separadas.",
6560,"Escribe una descripción comercial para una tienda de informática sobre el producto: Bal.systel Clipse Ppp-30kg-contadora.bat- Rs232. Debe parecer escrita por un humano, clara, profesional y orientada a ventas. Primero un párrafo corto y luego características en líneas separadas.",
6574,"Escribe una descripción comercial para una tienda de informática sobre el producto: Toner Hp 150w Sin Chip Bj. Debe parecer escrita por un humano, clara, profesional y orientada a ventas. Primero un párrafo corto y luego características en líneas separadas.",
6577,"Escribe una descripción comercial para una tienda de informática sobre el producto: Toner Samsung  101 Leon. Debe parecer escrita por un humano, clara, profesional y orientada a ventas. Primero un párrafo corto y luego características en líneas separadas.",
6597,"Escribe una descripción comercial para una tienda de informática sobre el producto: Rollo Term -1120- Hus 57x20  X10u -. Debe parecer escrita por un humano, clara, profesional y orientada a ventas. Primero un párrafo corto y luego características en líneas separadas.",
6598,"Escribe una descripción comercial para una tienda de informática sobre el producto: Hus- A4 - 7858 - 150g X 100hj Desing. Debe parecer escrita por un humano, clara, profesional y orientada a ventas. Primero un párrafo corto y luego características en líneas separadas.",
6599,"Escribe una descripción comercial para una tienda de informática sobre el producto: Caset Rotul Brother Tze-641- 18mm-8m. Debe parecer escrita por un humano, clara, profesional y orientada a ventas. Primero un párrafo corto y luego características en líneas separadas.",
6603,"Escribe una descripción comercial para una tienda de informática sobre el producto: Caset Rotul Brother Tze-641-18mm-1,5 M. Debe parecer escrita por un humano, clara, profesional y orientada a ventas. Primero un párrafo corto y luego características en líneas separadas.",
6604,"Escribe una descripción comercial para una tienda de informática sobre el producto: Libro Unico De Registro Kretz. Debe parecer escrita por un humano, clara, profesional y orientada a ventas. Primero un párrafo corto y luego características en líneas separadas.",
6606,"Escribe una descripción comercial para una tienda de informática sobre el producto: Toner Samsung  104  Leon. Debe parecer escrita por un humano, clara, profesional y orientada a ventas. Primero un párrafo corto y luego características en líneas separadas.",
6607,"Escribe una descripción comercial para una tienda de informática sobre el producto: Bateria Para Notebook. Debe parecer escrita por un humano, clara, profesional y orientada a ventas. Primero un párrafo corto y luego características en líneas separadas.",
6613,"Escribe una descripción comercial para una tienda de informática sobre el producto: Toner Kyocera Tk-1112. Debe parecer escrita por un humano, clara, profesional y orientada a ventas. Primero un párrafo corto y luego características en líneas separadas.",
6614,"Escribe una descripción comercial para una tienda de informática sobre el producto: Toner Kyocera Tk-1122   Fs1060 (3000c). Debe parecer escrita por un humano, clara, profesional y orientada a ventas. Primero un párrafo corto y luego características en líneas separadas.",
6617,"Escribe una descripción comercial para una tienda de informática sobre el producto: Kyocera Ecosys 1060dn-20 Ppm  32. Debe parecer escrita por un humano, clara, profesional y orientada a ventas. Primero un párrafo corto y luego características en líneas separadas.",
6622,"Escribe una descripción comercial para una tienda de informática sobre el producto: Tinta Epson T0732 Cyan Leon. Debe parecer escrita por un humano, clara, profesional y orientada a ventas. Primero un párrafo corto y luego características en líneas separadas.",
6623,"Escribe una descripción comercial para una tienda de informática sobre el producto: Tinta Epson T297xl Negro- 16 5 Ml -evt. Debe parecer escrita por un humano, clara, profesional y orientada a ventas. Primero un párrafo corto y luego características en líneas separadas.",
6632,"Escribe una descripción comercial para una tienda de informática sobre el producto: Porta Block Oficio Dasa. Debe parecer escrita por un humano, clara, profesional y orientada a ventas. Primero un párrafo corto y luego características en líneas separadas.",
6643,"Escribe una descripción comercial para una tienda de informática sobre el producto: Cinta Adhes.stiko 48mm X 50mt Marron. Debe parecer escrita por un humano, clara, profesional y orientada a ventas. Primero un párrafo corto y luego características en líneas separadas.",
6645,"Escribe una descripción comercial para una tienda de informática sobre el producto: Cinta Adhes.stiko 24mm X 50mt Transp.. Debe parecer escrita por un humano, clara, profesional y orientada a ventas. Primero un párrafo corto y luego características en líneas separadas.",
6646,"Escribe una descripción comercial para una tienda de informática sobre el producto: Fk-460 Kyocera (e)task.180-181-220-221. Debe parecer escrita por un humano, clara, profesional y orientada a ventas. Primero un párrafo corto y luego características en líneas separadas.",
6657,"Escribe una descripción comercial para una tienda de informática sobre el producto: Toner Hp 136w - Sin Chip- Bj. Debe parecer escrita por un humano, clara, profesional y orientada a ventas. Primero un párrafo corto y luego características en líneas separadas.",
6670,"Escribe una descripción comercial para una tienda de informática sobre el producto: Toner Hp 289a Bj. Debe parecer escrita por un humano, clara, profesional y orientada a ventas. Primero un párrafo corto y luego características en líneas separadas.",
6671,"Escribe una descripción comercial para una tienda de informática sobre el producto: Toner Brother Tn-3619xl (25k) C/chip. Debe parecer escrita por un humano, clara, profesional y orientada a ventas. Primero un párrafo corto y luego características en líneas separadas.",
6686,"Escribe una descripción comercial para una tienda de informática sobre el producto: Toner Hp 226a - Leon. Debe parecer escrita por un humano, clara, profesional y orientada a ventas. Primero un párrafo corto y luego características en líneas separadas.",
6697,"Escribe una descripción comercial para una tienda de informática sobre el producto: Organizador Ezco 8802s -12 Pieza. Debe parecer escrita por un humano, clara, profesional y orientada a ventas. Primero un párrafo corto y luego características en líneas separadas.",
6698,"Escribe una descripción comercial para una tienda de informática sobre el producto: Tablet Multimedia - Garantía 6 Meses. Debe parecer escrita por un humano, clara, profesional y orientada a ventas. Primero un párrafo corto y luego características en líneas separadas.",
67,"Escribe una descripción comercial para una tienda de informática sobre el producto: Caset Epson Erc-38  Gtc. Debe parecer escrita por un humano, clara, profesional y orientada a ventas. Primero un párrafo corto y luego características en líneas separadas.",
6701,"Escribe una descripción comercial para una tienda de informática sobre el producto: Pouch  68x100  150 Mic X 100 Unidades. Debe parecer escrita por un humano, clara, profesional y orientada a ventas. Primero un párrafo corto y luego características en líneas separadas.",
6705,"Escribe una descripción comercial para una tienda de informática sobre el producto: Toner Samsung  115l  Bj -new Chip-3000cp. Debe parecer escrita por un humano, clara, profesional y orientada a ventas. Primero un párrafo corto y luego características en líneas separadas.",
6708,"Escribe una descripción comercial para una tienda de informática sobre el producto: Toner Kyocera Tk-172 Fs-1370-2135. Debe parecer escrita por un humano, clara, profesional y orientada a ventas. Primero un párrafo corto y luego características en líneas separadas.",
6716,"Escribe una descripción comercial para una tienda de informática sobre el producto: Atencion Balanza. Debe parecer escrita por un humano, clara, profesional y orientada a ventas. Primero un párrafo corto y luego características en líneas separadas.",
6721,"Escribe una descripción comercial para una tienda de informática sobre el producto: Toner Kyocera R. Tk 1112. Debe parecer escrita por un humano, clara, profesional y orientada a ventas. Primero un párrafo corto y luego características en líneas separadas.",
6722,"Escribe una descripción comercial para una tienda de informática sobre el producto: Toner Kyocera R. Tk 1122. Debe parecer escrita por un humano, clara, profesional y orientada a ventas. Primero un párrafo corto y luego características en líneas separadas.",
6732,"Escribe una descripción comercial para una tienda de informática sobre el producto: Broches Kanex 23/10h X 1000-p/tp10. Debe parecer escrita por un humano, clara, profesional y orientada a ventas. Primero un párrafo corto y luego características en líneas separadas.",
6733,"Escribe una descripción comercial para una tienda de informática sobre el producto: Broches Kanex 23/8 X 1000. Debe parecer escrita por un humano, clara, profesional y orientada a ventas. Primero un párrafo corto y luego características en líneas separadas.",
6735,"Escribe una descripción comercial para una tienda de informática sobre el producto: Broches Kanex 10 - 1mm X1000. Debe parecer escrita por un humano, clara, profesional y orientada a ventas. Primero un párrafo corto y luego características en líneas separadas.",
6738,"Escribe una descripción comercial para una tienda de informática sobre el producto: Bolig.ezco 1mm  Azul. Debe parecer escrita por un humano, clara, profesional y orientada a ventas. Primero un párrafo corto y luego características en líneas separadas.",
6739,"Escribe una descripción comercial para una tienda de informática sobre el producto: Toner Brother Tn- 660 - Leon. Debe parecer escrita por un humano, clara, profesional y orientada a ventas. Primero un párrafo corto y luego características en líneas separadas.",
6749,"Escribe una descripción comercial para una tienda de informática sobre el producto: Tinta Hp 21xl Negro Global- 22ml. Debe parecer escrita por un humano, clara, profesional y orientada a ventas. Primero un párrafo corto y luego características en líneas separadas.",
6753,"Escribe una descripción comercial para una tienda de informática sobre el producto: Lic. Soft.c.in.ti.a Base -actualizacion. Debe parecer escrita por un humano, clara, profesional y orientada a ventas. Primero un párrafo corto y luego características en líneas separadas.",
6755,"Escribe una descripción comercial para una tienda de informática sobre el producto: Exaktus Ex-570 Es Plus. Debe parecer escrita por un humano, clara, profesional y orientada a ventas. Primero un párrafo corto y luego características en líneas separadas.",
6757,"Escribe una descripción comercial para una tienda de informática sobre el producto: Tinta Hp 122xl Negro-20 Ml. Debe parecer escrita por un humano, clara, profesional y orientada a ventas. Primero un párrafo corto y luego características en líneas separadas.",
6759,"Escribe una descripción comercial para una tienda de informática sobre el producto: Tinta Hp 122xl Negro Bj. Debe parecer escrita por un humano, clara, profesional y orientada a ventas. Primero un párrafo corto y luego características en líneas separadas.",
6772,"Escribe una descripción comercial para una tienda de informática sobre el producto: Tinta Hp 664xl Color Global -chip Nuevo. Debe parecer escrita por un humano, clara, profesional y orientada a ventas. Primero un párrafo corto y luego características en líneas separadas.",
6774,"Escribe una descripción comercial para una tienda de informática sobre el producto: Espirales P.v.c 12mm X 50 Unid-90hj. Debe parecer escrita por un humano, clara, profesional y orientada a ventas. Primero un párrafo corto y luego características en líneas separadas.",
6775,"Escribe una descripción comercial para una tienda de informática sobre el producto: Espirales P.v.c 25mm Trans.x20 Unid-220h. Debe parecer escrita por un humano, clara, profesional y orientada a ventas. Primero un párrafo corto y luego características en líneas separadas.",
6776,"Escribe una descripción comercial para una tienda de informática sobre el producto: Espirales P.v.c 33mm Trans.x20 Unid-300h. Debe parecer escrita por un humano, clara, profesional y orientada a ventas. Primero un párrafo corto y luego características en líneas separadas.",
6777,"Escribe una descripción comercial para una tienda de informática sobre el producto: Tapas P.p.line Opaco A4 400mic X Unid. Debe parecer escrita por un humano, clara, profesional y orientada a ventas. Primero un párrafo corto y luego características en líneas separadas.",
6778,"Escribe una descripción comercial para una tienda de informática sobre el producto: Tapas P.p.line Trans.a4 400mic X Unid. Debe parecer escrita por un humano, clara, profesional y orientada a ventas. Primero un párrafo corto y luego características en líneas separadas.",
6779,"Escribe una descripción comercial para una tienda de informática sobre el producto: Tinta Hp 122xl Negro Ev. Debe parecer escrita por un humano, clara, profesional y orientada a ventas. Primero un párrafo corto y luego características en líneas separadas.",
6780,"Escribe una descripción comercial para una tienda de informática sobre el producto: Tinta Hp 122xl Color Evertec. Debe parecer escrita por un humano, clara, profesional y orientada a ventas. Primero un párrafo corto y luego características en líneas separadas.",
6781,"Escribe una descripción comercial para una tienda de informática sobre el producto: Ledes  Punax  A4 75grs X 10 Resmas. Debe parecer escrita por un humano, clara, profesional y orientada a ventas. Primero un párrafo corto y luego características en líneas separadas.",
6793,"Escribe una descripción comercial para una tienda de informática sobre el producto: Tinta Epson 195 Origial Magenta. Debe parecer escrita por un humano, clara, profesional y orientada a ventas. Primero un párrafo corto y luego características en líneas separadas.",
6794,"Escribe una descripción comercial para una tienda de informática sobre el producto: Tinta Epson 195 Original Amarilla. Debe parecer escrita por un humano, clara, profesional y orientada a ventas. Primero un párrafo corto y luego características en líneas separadas.",
6795,"Escribe una descripción comercial para una tienda de informática sobre el producto: Libro Unico De Registro Hasar. Debe parecer escrita por un humano, clara, profesional y orientada a ventas. Primero un párrafo corto y luego características en líneas separadas.",
6802,"Escribe una descripción comercial para una tienda de informática sobre el producto: Toner Hp 285-435-436   Office. Debe parecer escrita por un humano, clara, profesional y orientada a ventas. Primero un párrafo corto y luego características en líneas separadas.",
6830,"Escribe una descripción comercial para una tienda de informática sobre el producto: Toner Kyocera Tk-3122 Fs-4200  21000pag. Debe parecer escrita por un humano, clara, profesional y orientada a ventas. Primero un párrafo corto y luego características en líneas separadas.",
6831,"Escribe una descripción comercial para una tienda de informática sobre el producto: Atencion Tablet. Debe parecer escrita por un humano, clara, profesional y orientada a ventas. Primero un párrafo corto y luego características en líneas separadas.",
6834,"Escribe una descripción comercial para una tienda de informática sobre el producto: Cizalla Dasa Rotat-d2-corte47cm-prof-15h. Debe parecer escrita por un humano, clara, profesional y orientada a ventas. Primero un párrafo corto y luego características en líneas separadas.",
6844,"Escribe una descripción comercial para una tienda de informática sobre el producto: Caset Rotul Brother Tze-651- 24mm-8m. Debe parecer escrita por un humano, clara, profesional y orientada a ventas. Primero un párrafo corto y luego características en líneas separadas.",
6847,"Escribe una descripción comercial para una tienda de informática sobre el producto: Pen Drive 32 GB. Debe parecer escrita por un humano, clara, profesional y orientada a ventas. Primero un párrafo corto y luego características en líneas separadas.",
6848,"Escribe una descripción comercial para una tienda de informática sobre el producto: Pen Drive 64 GB. Debe parecer escrita por un humano, clara, profesional y orientada a ventas. Primero un párrafo corto y luego características en líneas separadas.",
6851,"Escribe una descripción comercial para una tienda de informática sobre el producto: Tinta Epson T2971 Negro Bj. Debe parecer escrita por un humano, clara, profesional y orientada a ventas. Primero un párrafo corto y luego características en líneas separadas.",
6852,"Escribe una descripción comercial para una tienda de informática sobre el producto: Borrador P/pizarra Pelikan Multiuso. Debe parecer escrita por un humano, clara, profesional y orientada a ventas. Primero un párrafo corto y luego características en líneas separadas.",
6871,"Escribe una descripción comercial para una tienda de informática sobre el producto: Prestamo De. Debe parecer escrita por un humano, clara, profesional y orientada a ventas. Primero un párrafo corto y luego características en líneas separadas.",
6872,"Escribe una descripción comercial para una tienda de informática sobre el producto: Reloj Huella G3- USB 560010011 -usado-. Debe parecer escrita por un humano, clara, profesional y orientada a ventas. Primero un párrafo corto y luego características en líneas separadas.",
6882,"Escribe una descripción comercial para una tienda de informática sobre el producto: Toner Kyocera Tk-130-132-134-137-1. Debe parecer escrita por un humano, clara, profesional y orientada a ventas. Primero un párrafo corto y luego características en líneas separadas.",
6894,"Escribe una descripción comercial para una tienda de informática sobre el producto: Toner Brother Tn- 750 Bj. Debe parecer escrita por un humano, clara, profesional y orientada a ventas. Primero un párrafo corto y luego características en líneas separadas.",
6897,"Escribe una descripción comercial para una tienda de informática sobre el producto: Perfor. Kanex Punch - 20pp P/12 Hojas. Debe parecer escrita por un humano, clara, profesional y orientada a ventas. Primero un párrafo corto y luego características en líneas separadas.",
6899,"Escribe una descripción comercial para una tienda de informática sobre el producto: Abroch. Kanex  Mini 10 - Broche N* 10. Debe parecer escrita por un humano, clara, profesional y orientada a ventas. Primero un párrafo corto y luego características en líneas separadas.",
6900,"Escribe una descripción comercial para una tienda de informática sobre el producto: Abroch. Kanex - Hd- 10ew-br N*10. Debe parecer escrita por un humano, clara, profesional y orientada a ventas. Primero un párrafo corto y luego características en líneas separadas.",
6911,"Escribe una descripción comercial para una tienda de informática sobre el producto: Tinta Pelikan P/sello  Azul-frasco 30ml. Debe parecer escrita por un humano, clara, profesional y orientada a ventas. Primero un párrafo corto y luego características en líneas separadas.",
6912,"Escribe una descripción comercial para una tienda de informática sobre el producto: Tinta Pelikan P/sello  Verde-frasco 30cc. Debe parecer escrita por un humano, clara, profesional y orientada a ventas. Primero un párrafo corto y luego características en líneas separadas.",
6928,"Escribe una descripción comercial para una tienda de informática sobre el producto: Hus- A4 - 7870 - 50gr X 240hj- Desing. Debe parecer escrita por un humano, clara, profesional y orientada a ventas. Primero un párrafo corto y luego características en líneas separadas.",
6931,"Escribe una descripción comercial para una tienda de informática sobre el producto: Tinta Epson T0733  Magenta Bj. Debe parecer escrita por un humano, clara, profesional y orientada a ventas. Primero un párrafo corto y luego características en líneas separadas.",
6933,"Escribe una descripción comercial para una tienda de informática sobre el producto: Linterna Led Recargable. Debe parecer escrita por un humano, clara, profesional y orientada a ventas. Primero un párrafo corto y luego características en líneas separadas.",
6934,"Escribe una descripción comercial para una tienda de informática sobre el producto: Cinta Adhes.stiko 48mm X 50mt Transp. Debe parecer escrita por un humano, clara, profesional y orientada a ventas. Primero un párrafo corto y luego características en líneas separadas.",
6937,"Escribe una descripción comercial para una tienda de informática sobre el producto: Tijera Maruzen Sc 9908 8. Debe parecer escrita por un humano, clara, profesional y orientada a ventas. Primero un párrafo corto y luego características en líneas separadas.",
6952,"Escribe una descripción comercial para una tienda de informática sobre el producto: Tinta Epson T642 - Cyan - Bj - 70mi. Debe parecer escrita por un humano, clara, profesional y orientada a ventas. Primero un párrafo corto y luego características en líneas separadas.",
6953,"Escribe una descripción comercial para una tienda de informática sobre el producto: Tinta Epson T296  Cyan - Leon. Debe parecer escrita por un humano, clara, profesional y orientada a ventas. Primero un párrafo corto y luego características en líneas separadas.",
6955,"Escribe una descripción comercial para una tienda de informática sobre el producto: Adhesivo Barra Pizzini X 21 G. Debe parecer escrita por un humano, clara, profesional y orientada a ventas. Primero un párrafo corto y luego características en líneas separadas.",
6958,"Escribe una descripción comercial para una tienda de informática sobre el producto: Carp. Datazone A4 Exec C/ca 2x40-280 Hj. Debe parecer escrita por un humano, clara, profesional y orientada a ventas. Primero un párrafo corto y luego características en líneas separadas.",
6971,"Escribe una descripción comercial para una tienda de informática sobre el producto: Epson Usada Fx870 - S/n 361914. Debe parecer escrita por un humano, clara, profesional y orientada a ventas. Primero un párrafo corto y luego características en líneas separadas.",
6977,"Escribe una descripción comercial para una tienda de informática sobre el producto: Kyocera Usada Km 1815 - Xgw4800840. Debe parecer escrita por un humano, clara, profesional y orientada a ventas. Primero un párrafo corto y luego características en líneas separadas.",
6980,"Escribe una descripción comercial para una tienda de informática sobre el producto: Pilas Maxel Lr 1130 -1 5v. Debe parecer escrita por un humano, clara, profesional y orientada a ventas. Primero un párrafo corto y luego características en líneas separadas.",
6986,"Escribe una descripción comercial para una tienda de informática sobre el producto: Tinta Epson T117 Negro  Bj. Debe parecer escrita por un humano, clara, profesional y orientada a ventas. Primero un párrafo corto y luego características en líneas separadas.",
6987,"Escribe una descripción comercial para una tienda de informática sobre el producto: Rollo Term - 57x20x10 Ipc. Debe parecer escrita por un humano, clara, profesional y orientada a ventas. Primero un párrafo corto y luego características en líneas separadas.",
6997,"Escribe una descripción comercial para una tienda de informática sobre el producto: Soporte Anual A Software C.in.ti.a Full. Debe parecer escrita por un humano, clara, profesional y orientada a ventas. Primero un párrafo corto y luego características en líneas separadas.",
6998,"Escribe una descripción comercial para una tienda de informática sobre el producto: Soporte Anual A Software C.in.ti.a Base. Debe parecer escrita por un humano, clara, profesional y orientada a ventas. Primero un párrafo corto y luego características en líneas separadas.",
6999,"Escribe una descripción comercial para una tienda de informática sobre el producto: Tinta Epson T133 Negro Leon 15ml. Debe parecer escrita por un humano, clara, profesional y orientada a ventas. Primero un párrafo corto y luego características en líneas separadas.",
7000,"Escribe una descripción comercial para una tienda de informática sobre el producto: Tinta Epson T1971 - Negro  - Leon 18ml. Debe parecer escrita por un humano, clara, profesional y orientada a ventas. Primero un párrafo corto y luego características en líneas separadas.",
7003,"Escribe una descripción comercial para una tienda de informática sobre el producto: Espirales P.v.c 17mm Trans.x50 Unid-160h. Debe parecer escrita por un humano, clara, profesional y orientada a ventas. Primero un párrafo corto y luego características en líneas separadas.",
7006,"Escribe una descripción comercial para una tienda de informática sobre el producto: Rollo Term - 57x20 X10 Br - 48gr. Debe parecer escrita por un humano, clara, profesional y orientada a ventas. Primero un párrafo corto y luego características en líneas separadas.",
7007,"Escribe una descripción comercial para una tienda de informática sobre el producto: Rollo Term - 80x30 X 10  - 48- Br. Debe parecer escrita por un humano, clara, profesional y orientada a ventas. Primero un párrafo corto y luego características en líneas separadas.",
7009,"Escribe una descripción comercial para una tienda de informática sobre el producto: Toner Kyocera Tk-1132 -fs1030-(3000c). Debe parecer escrita por un humano, clara, profesional y orientada a ventas. Primero un párrafo corto y luego características en líneas separadas.",
7011,"Escribe una descripción comercial para una tienda de informática sobre el producto: Cuad.16x21 America Nos- C/es. Tf- 80hj. Debe parecer escrita por un humano, clara, profesional y orientada a ventas. Primero un párrafo corto y luego características en líneas separadas.",
7018,"Escribe una descripción comercial para una tienda de informática sobre el producto: Su Turno Cartel Chico - 24x19. Debe parecer escrita por un humano, clara, profesional y orientada a ventas. Primero un párrafo corto y luego características en líneas separadas.",
7019,"Escribe una descripción comercial para una tienda de informática sobre el producto: Tirillas P/visor Delta X 100. Debe parecer escrita por un humano, clara, profesional y orientada a ventas. Primero un párrafo corto y luego características en líneas separadas.",
7020,"Escribe una descripción comercial para una tienda de informática sobre el producto: Porta Cpu Negro. Debe parecer escrita por un humano, clara, profesional y orientada a ventas. Primero un párrafo corto y luego características en líneas separadas.",
7023,"Escribe una descripción comercial para una tienda de informática sobre el producto: Toner Kyocera R. Tk 1147 - 7200  Copias. Debe parecer escrita por un humano, clara, profesional y orientada a ventas. Primero un párrafo corto y luego características en líneas separadas.",
7024,"Escribe una descripción comercial para una tienda de informática sobre el producto: Casio Fx-991 La  Cw - 550 Func. Debe parecer escrita por un humano, clara, profesional y orientada a ventas. Primero un párrafo corto y luego características en líneas separadas.",
7025,"Escribe una descripción comercial para una tienda de informática sobre el producto: Casio Fx-7400 Gii-grafic 20kb-. Debe parecer escrita por un humano, clara, profesional y orientada a ventas. Primero un párrafo corto y luego características en líneas separadas.",
7030,"Escribe una descripción comercial para una tienda de informática sobre el producto: Z  Alcohol Gel Neutro Bialcohol X 250g. Debe parecer escrita por un humano, clara, profesional y orientada a ventas. Primero un párrafo corto y luego características en líneas separadas.",
7031,"Escribe una descripción comercial para una tienda de informática sobre el producto: Z  Poxipol Transparente 16grs. Debe parecer escrita por un humano, clara, profesional y orientada a ventas. Primero un párrafo corto y luego características en líneas separadas.",
7033,"Escribe una descripción comercial para una tienda de informática sobre el producto: Toner Kyocera Tk-137-2810 Alt. Debe parecer escrita por un humano, clara, profesional y orientada a ventas. Primero un párrafo corto y luego características en líneas separadas.",
7036,"Escribe una descripción comercial para una tienda de informática sobre el producto: Adaptador USB - 220. Debe parecer escrita por un humano, clara, profesional y orientada a ventas. Primero un párrafo corto y luego características en líneas separadas.",
7044,"Escribe una descripción comercial para una tienda de informática sobre el producto: Tinta Epson T1962-1963-1964-1971 Cop. Debe parecer escrita por un humano, clara, profesional y orientada a ventas. Primero un párrafo corto y luego características en líneas separadas.",
7046,"Escribe una descripción comercial para una tienda de informática sobre el producto: Tinta Epson T544- Amarillo -bj - 70ml. Debe parecer escrita por un humano, clara, profesional y orientada a ventas. Primero un párrafo corto y luego características en líneas separadas.",
7047,"Escribe una descripción comercial para una tienda de informática sobre el producto: Rollo Term -1135- Hus 37x 20 X 10u. Debe parecer escrita por un humano, clara, profesional y orientada a ventas. Primero un párrafo corto y luego características en líneas separadas.",
7060,"Escribe una descripción comercial para una tienda de informática sobre el producto: Toner Xerox 3020 / 3025 New Chip- Leon. Debe parecer escrita por un humano, clara, profesional y orientada a ventas. Primero un párrafo corto y luego características en líneas separadas.",
7067,"Escribe una descripción comercial para una tienda de informática sobre el producto: Toner Kyocera Tk-162 Fs-1120d 2500p C/ch. Debe parecer escrita por un humano, clara, profesional y orientada a ventas. Primero un párrafo corto y luego características en líneas separadas.",
7075,"Escribe una descripción comercial para una tienda de informática sobre el producto: Kyocera Usada Fs 1100 - Xyd9101753-usb. Debe parecer escrita por un humano, clara, profesional y orientada a ventas. Primero un párrafo corto y luego características en líneas separadas.",
7076,"Escribe una descripción comercial para una tienda de informática sobre el producto: Kyocera Usada Km 2810 - Xyn1807438. Debe parecer escrita por un humano, clara, profesional y orientada a ventas. Primero un párrafo corto y luego características en líneas separadas.",
7088,"Escribe una descripción comercial para una tienda de informática sobre el producto: Tinta Epson T664 - Negra- Leon. Debe parecer escrita por un humano, clara, profesional y orientada a ventas. Primero un párrafo corto y luego características en líneas separadas.",
7092,"Escribe una descripción comercial para una tienda de informática sobre el producto: Carp. Lama Of Base Opaca.. Debe parecer escrita por un humano, clara, profesional y orientada a ventas. Primero un párrafo corto y luego características en líneas separadas.",
7099,"Escribe una descripción comercial para una tienda de informática sobre el producto: Mk-1112 (1020/25/40/60/1120. Debe parecer escrita por un humano, clara, profesional y orientada a ventas. Primero un párrafo corto y luego características en líneas separadas.",
7103,"Escribe una descripción comercial para una tienda de informática sobre el producto: Toner Hp 226a - Office  3,1 K. Debe parecer escrita por un humano, clara, profesional y orientada a ventas. Primero un párrafo corto y luego características en líneas separadas.",
7105,"Escribe una descripción comercial para una tienda de informática sobre el producto: Toner Samsung  115.v2 Nueva Version Leon. Debe parecer escrita por un humano, clara, profesional y orientada a ventas. Primero un párrafo corto y luego características en líneas separadas.",
7119,"Escribe una descripción comercial para una tienda de informática sobre el producto: Mesa Para Pc - Sql - 9400. Debe parecer escrita por un humano, clara, profesional y orientada a ventas. Primero un párrafo corto y luego características en líneas separadas.",
7136,"Escribe una descripción comercial para una tienda de informática sobre el producto: Rollo Etiq Motex 1l Fluor -chm. Debe parecer escrita por un humano, clara, profesional y orientada a ventas. Primero un párrafo corto y luego características en líneas separadas.",
7138,"Escribe una descripción comercial para una tienda de informática sobre el producto: Drum Brother   820d Bj. Debe parecer escrita por un humano, clara, profesional y orientada a ventas. Primero un párrafo corto y luego características en líneas separadas.",
7142,"Escribe una descripción comercial para una tienda de informática sobre el producto: Toner Samsung  203l  Bj - 5000 Copias. Debe parecer escrita por un humano, clara, profesional y orientada a ventas. Primero un párrafo corto y luego características en líneas separadas.",
7145,"Escribe una descripción comercial para una tienda de informática sobre el producto: Resaltador Ezco  Chato Fluor Naranja. Debe parecer escrita por un humano, clara, profesional y orientada a ventas. Primero un párrafo corto y luego características en líneas separadas.",
7146,"Escribe una descripción comercial para una tienda de informática sobre el producto: Resaltador Pizzini Rosa 1280. Debe parecer escrita por un humano, clara, profesional y orientada a ventas. Primero un párrafo corto y luego características en líneas separadas.",
7147,"Escribe una descripción comercial para una tienda de informática sobre el producto: Resaltador College Amarillo. Debe parecer escrita por un humano, clara, profesional y orientada a ventas. Primero un párrafo corto y luego características en líneas separadas.",
7148,"Escribe una descripción comercial para una tienda de informática sobre el producto: Resaltador Ezco  Chato Fluor Verde. Debe parecer escrita por un humano, clara, profesional y orientada a ventas. Primero un párrafo corto y luego características en líneas separadas.",
7149,"Escribe una descripción comercial para una tienda de informática sobre el producto: Resaltador Ezco  Chato Fluor Amarillo. Debe parecer escrita por un humano, clara, profesional y orientada a ventas. Primero un párrafo corto y luego características en líneas separadas.",
7172,"Escribe una descripción comercial para una tienda de informática sobre el producto: Exaktus Ex-630g Cientf. Graficadora. Debe parecer escrita por un humano, clara, profesional y orientada a ventas. Primero un párrafo corto y luego características en líneas separadas.",
7174,"Escribe una descripción comercial para una tienda de informática sobre el producto: Mk-162. Debe parecer escrita por un humano, clara, profesional y orientada a ventas. Primero un párrafo corto y luego características en líneas separadas.",
7175,"Escribe una descripción comercial para una tienda de informática sobre el producto: Mk-460 (180-81-220-21). Debe parecer escrita por un humano, clara, profesional y orientada a ventas. Primero un párrafo corto y luego características en líneas separadas.",
719,"Escribe una descripción comercial para una tienda de informática sobre el producto: Pouch  83x120  150 Mic X 100 Unidades. Debe parecer escrita por un humano, clara, profesional y orientada a ventas. Primero un párrafo corto y luego características en líneas separadas.",
720,"Escribe una descripción comercial para una tienda de informática sobre el producto: Pouch  225x362 -of -150 Mic  X 50 Unidad. Debe parecer escrita por un humano, clara, profesional y orientada a ventas. Primero un párrafo corto y luego características en líneas separadas.",
7203,"Escribe una descripción comercial para una tienda de informática sobre el producto: Abroch. Maruzen N*10. Debe parecer escrita por un humano, clara, profesional y orientada a ventas. Primero un párrafo corto y luego características en líneas separadas.",
721,"Escribe una descripción comercial para una tienda de informática sobre el producto: Pouch  225x302 - A4 -150 Mic X 50 Unidad. Debe parecer escrita por un humano, clara, profesional y orientada a ventas. Primero un párrafo corto y luego características en líneas separadas.",
7212,"Escribe una descripción comercial para una tienda de informática sobre el producto: Bolig.faber Castell Grip 2022 Azul. Debe parecer escrita por un humano, clara, profesional y orientada a ventas. Primero un párrafo corto y luego características en líneas separadas.",
7217,"Escribe una descripción comercial para una tienda de informática sobre el producto: Fk-150. Debe parecer escrita por un humano, clara, profesional y orientada a ventas. Primero un párrafo corto y luego características en líneas separadas.",
7218,"Escribe una descripción comercial para una tienda de informática sobre el producto: Mk-137  - Km-2810 / 2820. Debe parecer escrita por un humano, clara, profesional y orientada a ventas. Primero un párrafo corto y luego características en líneas separadas.",
7221,"Escribe una descripción comercial para una tienda de informática sobre el producto: Mk-1147  Fs-1035- M2035dn. Debe parecer escrita por un humano, clara, profesional y orientada a ventas. Primero un párrafo corto y luego características en líneas separadas.",
7225,"Escribe una descripción comercial para una tienda de informática sobre el producto: Mk-1132 (fs-1030mfp/m2030dn/pn. Debe parecer escrita por un humano, clara, profesional y orientada a ventas. Primero un párrafo corto y luego características en líneas separadas.",
7226,"Escribe una descripción comercial para una tienda de informática sobre el producto: Dk-130 Drum Kit Fs-1100/1300d. Debe parecer escrita por un humano, clara, profesional y orientada a ventas. Primero un párrafo corto y luego características en líneas separadas.",
7227,"Escribe una descripción comercial para una tienda de informática sobre el producto: Protector De Tension 10amp-2200watt. Debe parecer escrita por un humano, clara, profesional y orientada a ventas. Primero un párrafo corto y luego características en líneas separadas.",
7231,"Escribe una descripción comercial para una tienda de informática sobre el producto: Toner Kyocera R. Tk 162. Debe parecer escrita por un humano, clara, profesional y orientada a ventas. Primero un párrafo corto y luego características en líneas separadas.",
7234,"Escribe una descripción comercial para una tienda de informática sobre el producto: Toner Brother Tn- 580-550-620-650 Leon. Debe parecer escrita por un humano, clara, profesional y orientada a ventas. Primero un párrafo corto y luego características en líneas separadas.",
7245,"Escribe una descripción comercial para una tienda de informática sobre el producto: Toner Hp U435a-436a-285a Premium. Debe parecer escrita por un humano, clara, profesional y orientada a ventas. Primero un párrafo corto y luego características en líneas separadas.",
7247,"Escribe una descripción comercial para una tienda de informática sobre el producto: Toner Hp 105  Con Chip 1k Office. Debe parecer escrita por un humano, clara, profesional y orientada a ventas. Primero un párrafo corto y luego características en líneas separadas.",
7250,"Escribe una descripción comercial para una tienda de informática sobre el producto: Caset Hasar 441 - Sp700 C/caja Global. Debe parecer escrita por un humano, clara, profesional y orientada a ventas. Primero un párrafo corto y luego características en líneas separadas.",
7276,"Escribe una descripción comercial para una tienda de informática sobre el producto: Fichas Hus 1701- N*1 Rayadas X 100. Debe parecer escrita por un humano, clara, profesional y orientada a ventas. Primero un párrafo corto y luego características en líneas separadas.",
7289,"Escribe una descripción comercial para una tienda de informática sobre el producto: Contadora De Billetes Global 4. Debe parecer escrita por un humano, clara, profesional y orientada a ventas. Primero un párrafo corto y luego características en líneas separadas.",
7292,"Escribe una descripción comercial para una tienda de informática sobre el producto: Toner Brother Tn- 2370. Debe parecer escrita por un humano, clara, profesional y orientada a ventas. Primero un párrafo corto y luego características en líneas separadas.",
7293,"Escribe una descripción comercial para una tienda de informática sobre el producto: Toner Brother Tn- 1060  1k  Office. Debe parecer escrita por un humano, clara, profesional y orientada a ventas. Primero un párrafo corto y luego características en líneas separadas.",
7295,"Escribe una descripción comercial para una tienda de informática sobre el producto: Tinta Epson T1952  Cyan -gtc. Debe parecer escrita por un humano, clara, profesional y orientada a ventas. Primero un párrafo corto y luego características en líneas separadas.",
7298,"Escribe una descripción comercial para una tienda de informática sobre el producto: Lic  Soft C.in.ti.a. Full Actualizacion. Debe parecer escrita por un humano, clara, profesional y orientada a ventas. Primero un párrafo corto y luego características en líneas separadas.",
7299,"Escribe una descripción comercial para una tienda de informática sobre el producto: Etiq.bal.hus-52016-ilustracion80x50x1000. Debe parecer escrita por un humano, clara, profesional y orientada a ventas. Primero un párrafo corto y luego características en líneas separadas.",
7334,"Escribe una descripción comercial para una tienda de informática sobre el producto: Toner Kyocera Tk-1112  Leon-(2 5k). Debe parecer escrita por un humano, clara, profesional y orientada a ventas. Primero un párrafo corto y luego características en líneas separadas.",
7340,"Escribe una descripción comercial para una tienda de informática sobre el producto: Marcador Trabi 411 Perm P.redonda-verde. Debe parecer escrita por un humano, clara, profesional y orientada a ventas. Primero un párrafo corto y luego características en líneas separadas.",
7348,"Escribe una descripción comercial para una tienda de informática sobre el producto: Toner Hp 2612a Leon. Debe parecer escrita por un humano, clara, profesional y orientada a ventas. Primero un párrafo corto y luego características en líneas separadas.",
7350,"Escribe una descripción comercial para una tienda de informática sobre el producto: Kyocera Usada Km 2810  - Kuzox43507. Debe parecer escrita por un humano, clara, profesional y orientada a ventas. Primero un párrafo corto y luego características en líneas separadas.",
7354,"Escribe una descripción comercial para una tienda de informática sobre el producto: Kyocera Usada 1500 - Xgv8z11571. Debe parecer escrita por un humano, clara, profesional y orientada a ventas. Primero un párrafo corto y luego características en líneas separadas.",
7367,"Escribe una descripción comercial para una tienda de informática sobre el producto: Z  Filtro Aspiradora. Debe parecer escrita por un humano, clara, profesional y orientada a ventas. Primero un párrafo corto y luego características en líneas separadas.",
7382,"Escribe una descripción comercial para una tienda de informática sobre el producto: Lic.software A-ser Hasta 9 Equipos. Debe parecer escrita por un humano, clara, profesional y orientada a ventas. Primero un párrafo corto y luego características en líneas separadas.",
7386,"Escribe una descripción comercial para una tienda de informática sobre el producto: Drum Brother   1060 -  Leon. Debe parecer escrita por un humano, clara, profesional y orientada a ventas. Primero un párrafo corto y luego características en líneas separadas.",
7387,"Escribe una descripción comercial para una tienda de informática sobre el producto: Tinta Hp 662xl Color Leon. Debe parecer escrita por un humano, clara, profesional y orientada a ventas. Primero un párrafo corto y luego características en líneas separadas.",
7388,"Escribe una descripción comercial para una tienda de informática sobre el producto: Toner Kyocera R. Tk 3122 - 21000 Copias. Debe parecer escrita por un humano, clara, profesional y orientada a ventas. Primero un párrafo corto y luego características en líneas separadas.",
7405,"Escribe una descripción comercial para una tienda de informática sobre el producto: Cable Epson Comandera Mod.tms 1 80mts. Debe parecer escrita por un humano, clara, profesional y orientada a ventas. Primero un párrafo corto y luego características en líneas separadas.",
7412,"Escribe una descripción comercial para una tienda de informática sobre el producto: Reloj Ta40/id-   Huella. Debe parecer escrita por un humano, clara, profesional y orientada a ventas. Primero un párrafo corto y luego características en líneas separadas.",
7413,"Escribe una descripción comercial para una tienda de informática sobre el producto: Mk-360 P/ Fs 4020 Dn. Debe parecer escrita por un humano, clara, profesional y orientada a ventas. Primero un párrafo corto y luego características en líneas separadas.",
7431,"Escribe una descripción comercial para una tienda de informática sobre el producto: Clavadora Kanex Tp-10h-broch 23/6-8.24/6. Debe parecer escrita por un humano, clara, profesional y orientada a ventas. Primero un párrafo corto y luego características en líneas separadas.",
7436,"Escribe una descripción comercial para una tienda de informática sobre el producto: Marcador Pelikan 442 -azul P/pizarra. Debe parecer escrita por un humano, clara, profesional y orientada a ventas. Primero un párrafo corto y luego características en líneas separadas.",
7440,"Escribe una descripción comercial para una tienda de informática sobre el producto: Resaltador Ezco  Chato Fluor Rosa. Debe parecer escrita por un humano, clara, profesional y orientada a ventas. Primero un párrafo corto y luego características en líneas separadas.",
7441,"Escribe una descripción comercial para una tienda de informática sobre el producto: Portaminas 0 5 Mm Pizzini 1475f. Debe parecer escrita por un humano, clara, profesional y orientada a ventas. Primero un párrafo corto y luego características en líneas separadas.",
7445,"Escribe una descripción comercial para una tienda de informática sobre el producto: Tinta Epson 296 Original Amarilla. Debe parecer escrita por un humano, clara, profesional y orientada a ventas. Primero un párrafo corto y luego características en líneas separadas.",
7446,"Escribe una descripción comercial para una tienda de informática sobre el producto: Roller Sp5 Punta Aguja 0 5mm - Negro. Debe parecer escrita por un humano, clara, profesional y orientada a ventas. Primero un párrafo corto y luego características en líneas separadas.",
7447,"Escribe una descripción comercial para una tienda de informática sobre el producto: Microfibra Tank Pen 0 7mm - Azul - Negra. Debe parecer escrita por un humano, clara, profesional y orientada a ventas. Primero un párrafo corto y luego características en líneas separadas.",
7448,"Escribe una descripción comercial para una tienda de informática sobre el producto: Pen Drive Verbatim 4 GB. Debe parecer escrita por un humano, clara, profesional y orientada a ventas. Primero un párrafo corto y luego características en líneas separadas.",
7449,"Escribe una descripción comercial para una tienda de informática sobre el producto: Pen Drive Verbatim 8 GB. Debe parecer escrita por un humano, clara, profesional y orientada a ventas. Primero un párrafo corto y luego características en líneas separadas.",
7450,"Escribe una descripción comercial para una tienda de informática sobre el producto: Pen Drive Verbatim 16 GB. Debe parecer escrita por un humano, clara, profesional y orientada a ventas. Primero un párrafo corto y luego características en líneas separadas.",
7451,"Escribe una descripción comercial para una tienda de informática sobre el producto: Pen Drive Verbatim 32 GB. Debe parecer escrita por un humano, clara, profesional y orientada a ventas. Primero un párrafo corto y luego características en líneas separadas.",
7452,"Escribe una descripción comercial para una tienda de informática sobre el producto: Cifra Pr-255 T -termica. Debe parecer escrita por un humano, clara, profesional y orientada a ventas. Primero un párrafo corto y luego características en líneas separadas.",
7457,"Escribe una descripción comercial para una tienda de informática sobre el producto: Abroch. Kanex Standy 10m-broche N*10. Debe parecer escrita por un humano, clara, profesional y orientada a ventas. Primero un párrafo corto y luego características en líneas separadas.",
7458,"Escribe una descripción comercial para una tienda de informática sobre el producto: Abroch. Kanex- Mod 45 -br 24/6-26/6. Debe parecer escrita por un humano, clara, profesional y orientada a ventas. Primero un párrafo corto y luego características en líneas separadas.",
7460,"Escribe una descripción comercial para una tienda de informática sobre el producto: Abroch. Kanex - 35- Broche N*24/6-26/6. Debe parecer escrita por un humano, clara, profesional y orientada a ventas. Primero un párrafo corto y luego características en líneas separadas.",
7461,"Escribe una descripción comercial para una tienda de informática sobre el producto: Sacabroches Kanex Sr-100. Debe parecer escrita por un humano, clara, profesional y orientada a ventas. Primero un párrafo corto y luego características en líneas separadas.",
7479,"Escribe una descripción comercial para una tienda de informática sobre el producto: Toner Brother Tn- 880 Leon 12k. Debe parecer escrita por un humano, clara, profesional y orientada a ventas. Primero un párrafo corto y luego características en líneas separadas.",
7480,"Escribe una descripción comercial para una tienda de informática sobre el producto: Plastificadora Dasa Lm-240 Of Y A4-usada. Debe parecer escrita por un humano, clara, profesional y orientada a ventas. Primero un párrafo corto y luego características en líneas separadas.",
7493,"Escribe una descripción comercial para una tienda de informática sobre el producto: Toner Hp 283x Leon. Debe parecer escrita por un humano, clara, profesional y orientada a ventas. Primero un párrafo corto y luego características en líneas separadas.",
7501,"Escribe una descripción comercial para una tienda de informática sobre el producto: Toner Kyocera R. Tk 3211. Debe parecer escrita por un humano, clara, profesional y orientada a ventas. Primero un párrafo corto y luego características en líneas separadas.",
7506,"Escribe una descripción comercial para una tienda de informática sobre el producto: Mk-3132 - Fs-4100/4200/4300. Debe parecer escrita por un humano, clara, profesional y orientada a ventas. Primero un párrafo corto y luego características en líneas separadas.",
7512,"Escribe una descripción comercial para una tienda de informática sobre el producto: Tinta Hp 664xl Color Leon. Debe parecer escrita por un humano, clara, profesional y orientada a ventas. Primero un párrafo corto y luego características en líneas separadas.",
7526,"Escribe una descripción comercial para una tienda de informática sobre el producto: Rollo Term -1133- Hus 37x30 X 10u. Debe parecer escrita por un humano, clara, profesional y orientada a ventas. Primero un párrafo corto y luego características en líneas separadas.",
7527,"Escribe una descripción comercial para una tienda de informática sobre el producto: Toner Samsung  115l  Ab. Debe parecer escrita por un humano, clara, profesional y orientada a ventas. Primero un párrafo corto y luego características en líneas separadas.",
7530,"Escribe una descripción comercial para una tienda de informática sobre el producto: Cutter Rotativo Rc - Corta Papel-telas Sin Desgarrar. Debe parecer escrita por un humano, clara, profesional y orientada a ventas. Primero un párrafo corto y luego características en líneas separadas.",
7531,"Escribe una descripción comercial para una tienda de informática sobre el producto: Cutter Ezco 18mm Plastica. Debe parecer escrita por un humano, clara, profesional y orientada a ventas. Primero un párrafo corto y luego características en líneas separadas.",
7541,"Escribe una descripción comercial para una tienda de informática sobre el producto: Rollo Hus - 1175 - 75 X 40 X 10u. Debe parecer escrita por un humano, clara, profesional y orientada a ventas. Primero un párrafo corto y luego características en líneas separadas.",
7542,"Escribe una descripción comercial para una tienda de informática sobre el producto: Z  Algodon X 140 Gr. Debe parecer escrita por un humano, clara, profesional y orientada a ventas. Primero un párrafo corto y luego características en líneas separadas.",
7555,"Escribe una descripción comercial para una tienda de informática sobre el producto: Reloj Facial  Eface-10. Debe parecer escrita por un humano, clara, profesional y orientada a ventas. Primero un párrafo corto y luego características en líneas separadas.",
7556,"Escribe una descripción comercial para una tienda de informática sobre el producto: Z  Remitos R Triplicados. Debe parecer escrita por un humano, clara, profesional y orientada a ventas. Primero un párrafo corto y luego características en líneas separadas.",
7557,"Escribe una descripción comercial para una tienda de informática sobre el producto: Broches Kanex 26/6 - 1mm X 1000. Debe parecer escrita por un humano, clara, profesional y orientada a ventas. Primero un párrafo corto y luego características en líneas separadas.",
7558,"Escribe una descripción comercial para una tienda de informática sobre el producto: Ups  Especiales. Debe parecer escrita por un humano, clara, profesional y orientada a ventas. Primero un párrafo corto y luego características en líneas separadas.",
7568,"Escribe una descripción comercial para una tienda de informática sobre el producto: Kyocera Usada Fs1020 Nwf2x00195-multifun. Debe parecer escrita por un humano, clara, profesional y orientada a ventas. Primero un párrafo corto y luego características en líneas separadas.",
7591,"Escribe una descripción comercial para una tienda de informática sobre el producto: Epson Tm-t900fa-  Nueva Generacion. Debe parecer escrita por un humano, clara, profesional y orientada a ventas. Primero un párrafo corto y luego características en líneas separadas.",
7595,"Escribe una descripción comercial para una tienda de informática sobre el producto: Mojadedo Rotativo Premium. Debe parecer escrita por un humano, clara, profesional y orientada a ventas. Primero un párrafo corto y luego características en líneas separadas.",
7603,"Escribe una descripción comercial para una tienda de informática sobre el producto: Notas Adhes Ezco-75x75- E-654. Debe parecer escrita por un humano, clara, profesional y orientada a ventas. Primero un párrafo corto y luego características en líneas separadas.",
7612,"Escribe una descripción comercial para una tienda de informática sobre el producto: Tinta Coprint Universal 100ml Amarillo. Debe parecer escrita por un humano, clara, profesional y orientada a ventas. Primero un párrafo corto y luego características en líneas separadas.",
7616,"Escribe una descripción comercial para una tienda de informática sobre el producto: Rollo Term - 57x40x10 Ipc. Debe parecer escrita por un humano, clara, profesional y orientada a ventas. Primero un párrafo corto y luego características en líneas separadas.",
7621,"Escribe una descripción comercial para una tienda de informática sobre el producto: Toner Kyocera Tk-172 - Premium. Debe parecer escrita por un humano, clara, profesional y orientada a ventas. Primero un párrafo corto y luego características en líneas separadas.",
7634,"Escribe una descripción comercial para una tienda de informática sobre el producto: Drum Brother   420 - Bj. Debe parecer escrita por un humano, clara, profesional y orientada a ventas. Primero un párrafo corto y luego características en líneas separadas.",
7669,"Escribe una descripción comercial para una tienda de informática sobre el producto: Toner Hp U505a/cf280a Ab. Debe parecer escrita por un humano, clara, profesional y orientada a ventas. Primero un párrafo corto y luego características en líneas separadas.",
7671,"Escribe una descripción comercial para una tienda de informática sobre el producto: Toner Hp 279a (1k) Leon. Debe parecer escrita por un humano, clara, profesional y orientada a ventas. Primero un párrafo corto y luego características en líneas separadas.",
7672,"Escribe una descripción comercial para una tienda de informática sobre el producto: Folios Liggo A4 Cristal X 100- 40 Mic. Debe parecer escrita por un humano, clara, profesional y orientada a ventas. Primero un párrafo corto y luego características en líneas separadas.",
7673,"Escribe una descripción comercial para una tienda de informática sobre el producto: Marcador Edding 160 - Negro -p/pizarra. Debe parecer escrita por un humano, clara, profesional y orientada a ventas. Primero un párrafo corto y luego características en líneas separadas.",
7680,"Escribe una descripción comercial para una tienda de informática sobre el producto: Plug Rj45 Nisuta. Debe parecer escrita por un humano, clara, profesional y orientada a ventas. Primero un párrafo corto y luego características en líneas separadas.",
7681,"Escribe una descripción comercial para una tienda de informática sobre el producto: Toner Hp 226x -9000 Copias - Leon. Debe parecer escrita por un humano, clara, profesional y orientada a ventas. Primero un párrafo corto y luego características en líneas separadas.",
7684,"Escribe una descripción comercial para una tienda de informática sobre el producto: Z  Guantes De Latex X 100 Unidades. Debe parecer escrita por un humano, clara, profesional y orientada a ventas. Primero un párrafo corto y luego características en líneas separadas.",
7701,"Escribe una descripción comercial para una tienda de informática sobre el producto: Hasar 250f - Nueva Generacion. Debe parecer escrita por un humano, clara, profesional y orientada a ventas. Primero un párrafo corto y luego características en líneas separadas.",
7702,"Escribe una descripción comercial para una tienda de informática sobre el producto: Gaveta Solenoide N5 Reforzada. Debe parecer escrita por un humano, clara, profesional y orientada a ventas. Primero un párrafo corto y luego características en líneas separadas.",
7720,"Escribe una descripción comercial para una tienda de informática sobre el producto: Toner Hp 353u - Magenta -bj. Debe parecer escrita por un humano, clara, profesional y orientada a ventas. Primero un párrafo corto y luego características en líneas separadas.",
7734,"Escribe una descripción comercial para una tienda de informática sobre el producto: Bandas Elasticas Credencial X 500 Gr. Debe parecer escrita por un humano, clara, profesional y orientada a ventas. Primero un párrafo corto y luego características en líneas separadas.",
7735,"Escribe una descripción comercial para una tienda de informática sobre el producto: Bandas Elasticas Credencial X 1000 Gr-ca. Debe parecer escrita por un humano, clara, profesional y orientada a ventas. Primero un párrafo corto y luego características en líneas separadas.",
7746,"Escribe una descripción comercial para una tienda de informática sobre el producto: Tinta Hp 662xl Negro  -leon. Debe parecer escrita por un humano, clara, profesional y orientada a ventas. Primero un párrafo corto y luego características en líneas separadas.",
7749,"Escribe una descripción comercial para una tienda de informática sobre el producto: Tinta Hp 662xl Color Bj 10ml. Debe parecer escrita por un humano, clara, profesional y orientada a ventas. Primero un párrafo corto y luego características en líneas separadas.",
7750,"Escribe una descripción comercial para una tienda de informática sobre el producto: Tinta Hp 21xl Negro  Bj 23ml. Debe parecer escrita por un humano, clara, profesional y orientada a ventas. Primero un párrafo corto y luego características en líneas separadas.",
7774,"Escribe una descripción comercial para una tienda de informática sobre el producto: Toner Brother Tn-3619 Leon C/chi. Debe parecer escrita por un humano, clara, profesional y orientada a ventas. Primero un párrafo corto y luego características en líneas separadas.",
7780,"Escribe una descripción comercial para una tienda de informática sobre el producto: Pen Drive Verbatin 64gb. Debe parecer escrita por un humano, clara, profesional y orientada a ventas. Primero un párrafo corto y luego características en líneas separadas.",
7782,"Escribe una descripción comercial para una tienda de informática sobre el producto: Bal Systel Cuora Max St. Debe parecer escrita por un humano, clara, profesional y orientada a ventas. Primero un párrafo corto y luego características en líneas separadas.",
7792,"Escribe una descripción comercial para una tienda de informática sobre el producto: Rollo Oq - 76x30x10 Ipc. Debe parecer escrita por un humano, clara, profesional y orientada a ventas. Primero un párrafo corto y luego características en líneas separadas.",
7794,"Escribe una descripción comercial para una tienda de informática sobre el producto: Z  Solvente N* 4 1 Litro. Debe parecer escrita por un humano, clara, profesional y orientada a ventas. Primero un párrafo corto y luego características en líneas separadas.",
7798,"Escribe una descripción comercial para una tienda de informática sobre el producto: Z  Alcohol De Quemar Frau X Litro. Debe parecer escrita por un humano, clara, profesional y orientada a ventas. Primero un párrafo corto y luego características en líneas separadas.",
7799,"Escribe una descripción comercial para una tienda de informática sobre el producto: Z  Yerba X 1 Kg. Debe parecer escrita por un humano, clara, profesional y orientada a ventas. Primero un párrafo corto y luego características en líneas separadas.",
7802,"Escribe una descripción comercial para una tienda de informática sobre el producto: Z  Contamatic Super Verde 450grs. Debe parecer escrita por un humano, clara, profesional y orientada a ventas. Primero un párrafo corto y luego características en líneas separadas.",
7803,"Escribe una descripción comercial para una tienda de informática sobre el producto: Z  Etiquetas Resinadas X Unidad. Debe parecer escrita por un humano, clara, profesional y orientada a ventas. Primero un párrafo corto y luego características en líneas separadas.",
7806,"Escribe una descripción comercial para una tienda de informática sobre el producto: Kyocera Ecosys M2040 Dn/l. Debe parecer escrita por un humano, clara, profesional y orientada a ventas. Primero un párrafo corto y luego características en líneas separadas.",
7807,"Escribe una descripción comercial para una tienda de informática sobre el producto: Z  Algodon X 300 Grs. Debe parecer escrita por un humano, clara, profesional y orientada a ventas. Primero un párrafo corto y luego características en líneas separadas.",
7824,"Escribe una descripción comercial para una tienda de informática sobre el producto: Z  Estaño 60/40 - 250 Grs. Debe parecer escrita por un humano, clara, profesional y orientada a ventas. Primero un párrafo corto y luego características en líneas separadas.",
7837,"Escribe una descripción comercial para una tienda de informática sobre el producto: Kyocera Usada Fotoc-1820-xjm7602453. Debe parecer escrita por un humano, clara, profesional y orientada a ventas. Primero un párrafo corto y luego características en líneas separadas.",
7839,"Escribe una descripción comercial para una tienda de informática sobre el producto: Toner Kyocera R. Tk 172. Debe parecer escrita por un humano, clara, profesional y orientada a ventas. Primero un párrafo corto y luego características en líneas separadas.",
7840,"Escribe una descripción comercial para una tienda de informática sobre el producto: Toner Kyocera R. Tk 1132 - 7200 Copias. Debe parecer escrita por un humano, clara, profesional y orientada a ventas. Primero un párrafo corto y luego características en líneas separadas.",
7841,"Escribe una descripción comercial para una tienda de informática sobre el producto: Kyocera Ecosys P2235dn -laser Duplex-red. Debe parecer escrita por un humano, clara, profesional y orientada a ventas. Primero un párrafo corto y luego características en líneas separadas.",
7843,"Escribe una descripción comercial para una tienda de informática sobre el producto: Z  Bateria P/luz De Emergencia. Debe parecer escrita por un humano, clara, profesional y orientada a ventas. Primero un párrafo corto y luego características en líneas separadas.",
7855,"Escribe una descripción comercial para una tienda de informática sobre el producto: Tinta Hp 22xl Color Bj - 20 Ml. Debe parecer escrita por un humano, clara, profesional y orientada a ventas. Primero un párrafo corto y luego características en líneas separadas.",
7857,"Escribe una descripción comercial para una tienda de informática sobre el producto: Tinta Hp 667xl Color Bj - 21ml. Debe parecer escrita por un humano, clara, profesional y orientada a ventas. Primero un párrafo corto y luego características en líneas separadas.",
7858,"Escribe una descripción comercial para una tienda de informática sobre el producto: Tinta Hp 664xl Negro Bj 14 Ml-new Chip. Debe parecer escrita por un humano, clara, profesional y orientada a ventas. Primero un párrafo corto y luego características en líneas separadas.",
7859,"Escribe una descripción comercial para una tienda de informática sobre el producto: Tinta Epson T1952  Cyan Bj -13 Ml. Debe parecer escrita por un humano, clara, profesional y orientada a ventas. Primero un párrafo corto y luego características en líneas separadas.",
7860,"Escribe una descripción comercial para una tienda de informática sobre el producto: Tinta Epson T1331 Negra Bj. Debe parecer escrita por un humano, clara, profesional y orientada a ventas. Primero un párrafo corto y luego características en líneas separadas.",
7862,"Escribe una descripción comercial para una tienda de informática sobre el producto: Toner Hp U505 (505a/280a) Bj. Debe parecer escrita por un humano, clara, profesional y orientada a ventas. Primero un párrafo corto y luego características en líneas separadas.",
7863,"Escribe una descripción comercial para una tienda de informática sobre el producto: Toner Hp 217a - Con Chip Bj. Debe parecer escrita por un humano, clara, profesional y orientada a ventas. Primero un párrafo corto y luego características en líneas separadas.",
7864,"Escribe una descripción comercial para una tienda de informática sobre el producto: Toner Samsung  101s Bj. Debe parecer escrita por un humano, clara, profesional y orientada a ventas. Primero un párrafo corto y luego características en líneas separadas.",
7865,"Escribe una descripción comercial para una tienda de informática sobre el producto: Toner Samsung  104 Bj. Debe parecer escrita por un humano, clara, profesional y orientada a ventas. Primero un párrafo corto y luego características en líneas separadas.",
7866,"Escribe una descripción comercial para una tienda de informática sobre el producto: Toner Brother Tn- 650  Bj. Debe parecer escrita por un humano, clara, profesional y orientada a ventas. Primero un párrafo corto y luego características en líneas separadas.",
7871,"Escribe una descripción comercial para una tienda de informática sobre el producto: Z  Blen Original X 360cc - Lustramueles. Debe parecer escrita por un humano, clara, profesional y orientada a ventas. Primero un párrafo corto y luego características en líneas separadas.",
7873,"Escribe una descripción comercial para una tienda de informática sobre el producto: Tinta Epson T631 Bj - Negra. Debe parecer escrita por un humano, clara, profesional y orientada a ventas. Primero un párrafo corto y luego características en líneas separadas.",
7874,"Escribe una descripción comercial para una tienda de informática sobre el producto: Z  Soldador. Debe parecer escrita por un humano, clara, profesional y orientada a ventas. Primero un párrafo corto y luego características en líneas separadas.",
7875,"Escribe una descripción comercial para una tienda de informática sobre el producto: Tinta Hp 60xl Negro Bj 18ml. Debe parecer escrita por un humano, clara, profesional y orientada a ventas. Primero un párrafo corto y luego características en líneas separadas.",
7876,"Escribe una descripción comercial para una tienda de informática sobre el producto: Toner Hp 285/35/36/78  Bj. Debe parecer escrita por un humano, clara, profesional y orientada a ventas. Primero un párrafo corto y luego características en líneas separadas.",
7878,"Escribe una descripción comercial para una tienda de informática sobre el producto: Z  Azucar X 1 Kg. Debe parecer escrita por un humano, clara, profesional y orientada a ventas. Primero un párrafo corto y luego características en líneas separadas.",
7883,"Escribe una descripción comercial para una tienda de informática sobre el producto: Z  Papel Higienico X 300 Mts. Debe parecer escrita por un humano, clara, profesional y orientada a ventas. Primero un párrafo corto y luego características en líneas separadas.",
7884,"Escribe una descripción comercial para una tienda de informática sobre el producto: Tinta Epson T2961 Negra  Bj 15ml. Debe parecer escrita por un humano, clara, profesional y orientada a ventas. Primero un párrafo corto y luego características en líneas separadas.",
7885,"Escribe una descripción comercial para una tienda de informática sobre el producto: Tinta Epson T2963  Magenta-coprint. Debe parecer escrita por un humano, clara, profesional y orientada a ventas. Primero un párrafo corto y luego características en líneas separadas.",
7886,"Escribe una descripción comercial para una tienda de informática sobre el producto: Tinta Epson T2963  Magenta Bj -13 Ml. Debe parecer escrita por un humano, clara, profesional y orientada a ventas. Primero un párrafo corto y luego características en líneas separadas.",
7887,"Escribe una descripción comercial para una tienda de informática sobre el producto: Tinta Epson T2964 Amarilla Bj 13m. Debe parecer escrita por un humano, clara, profesional y orientada a ventas. Primero un párrafo corto y luego características en líneas separadas.",
7888,"Escribe una descripción comercial para una tienda de informática sobre el producto: Toner Hp 283x  Bj. Debe parecer escrita por un humano, clara, profesional y orientada a ventas. Primero un párrafo corto y luego características en líneas separadas.",
7889,"Escribe una descripción comercial para una tienda de informática sobre el producto: Toner Hp 2612a - Bj. Debe parecer escrita por un humano, clara, profesional y orientada a ventas. Primero un párrafo corto y luego características en líneas separadas.",
7890,"Escribe una descripción comercial para una tienda de informática sobre el producto: Toner Brother Tn- 1060  Bj. Debe parecer escrita por un humano, clara, profesional y orientada a ventas. Primero un párrafo corto y luego características en líneas separadas.",
7891,"Escribe una descripción comercial para una tienda de informática sobre el producto: Tinta Hp 60xl Color  Bj  - 21 Ml. Debe parecer escrita por un humano, clara, profesional y orientada a ventas. Primero un párrafo corto y luego características en líneas separadas.",
7900,"Escribe una descripción comercial para una tienda de informática sobre el producto: Marcador Edding 100 Azul Permanente. Debe parecer escrita por un humano, clara, profesional y orientada a ventas. Primero un párrafo corto y luego características en líneas separadas.",
7901,"Escribe una descripción comercial para una tienda de informática sobre el producto: Marcador Edding 100 Rojo Permanente. Debe parecer escrita por un humano, clara, profesional y orientada a ventas. Primero un párrafo corto y luego características en líneas separadas.",
7902,"Escribe una descripción comercial para una tienda de informática sobre el producto: Marcador Edding 100 Verde Permanente. Debe parecer escrita por un humano, clara, profesional y orientada a ventas. Primero un párrafo corto y luego características en líneas separadas.",
7903,"Escribe una descripción comercial para una tienda de informática sobre el producto: Tinta Hp T52c-cyan- Bj - 70ml. Debe parecer escrita por un humano, clara, profesional y orientada a ventas. Primero un párrafo corto y luego características en líneas separadas.",
7905,"Escribe una descripción comercial para una tienda de informática sobre el producto: Tinta Epson T1951 Negra Evertec-chip Nu. Debe parecer escrita por un humano, clara, profesional y orientada a ventas. Primero un párrafo corto y luego características en líneas separadas.",
7906,"Escribe una descripción comercial para una tienda de informática sobre el producto: Tinta Epson T1953  Magenta Bj. Debe parecer escrita por un humano, clara, profesional y orientada a ventas. Primero un párrafo corto y luego características en líneas separadas.",
7907,"Escribe una descripción comercial para una tienda de informática sobre el producto: Tinta Epson T1954. Debe parecer escrita por un humano, clara, profesional y orientada a ventas. Primero un párrafo corto y luego características en líneas separadas.",
7908,"Escribe una descripción comercial para una tienda de informática sobre el producto: Tinta Hp 662xl Negro Bj - Nuevo Chip. Debe parecer escrita por un humano, clara, profesional y orientada a ventas. Primero un párrafo corto y luego características en líneas separadas.",
7909,"Escribe una descripción comercial para una tienda de informática sobre el producto: Z  Jabon Desengrasante Negro 180 Grs. Debe parecer escrita por un humano, clara, profesional y orientada a ventas. Primero un párrafo corto y luego características en líneas separadas.",
7911,"Escribe una descripción comercial para una tienda de informática sobre el producto: Tinta Hp 122xl Color Bj. Debe parecer escrita por un humano, clara, profesional y orientada a ventas. Primero un párrafo corto y luego características en líneas separadas.",
7912,"Escribe una descripción comercial para una tienda de informática sobre el producto: Toner Hp 279a  Bj. Debe parecer escrita por un humano, clara, profesional y orientada a ventas. Primero un párrafo corto y luego características en líneas separadas.",
7913,"Escribe una descripción comercial para una tienda de informática sobre el producto: Tungrease G-36 Lubricante 100grs. Debe parecer escrita por un humano, clara, profesional y orientada a ventas. Primero un párrafo corto y luego características en líneas separadas.",
7914,"Escribe una descripción comercial para una tienda de informática sobre el producto: Toner Brother Tn- 450  Bj - 2 6. Debe parecer escrita por un humano, clara, profesional y orientada a ventas. Primero un párrafo corto y luego características en líneas separadas.",
7916,"Escribe una descripción comercial para una tienda de informática sobre el producto: Toner Kyocera Tk-3182- Ecosys P3055dn. Debe parecer escrita por un humano, clara, profesional y orientada a ventas. Primero un párrafo corto y luego características en líneas separadas.",
7917,"Escribe una descripción comercial para una tienda de informática sobre el producto: Toner Hp 226a - Bj. Debe parecer escrita por un humano, clara, profesional y orientada a ventas. Primero un párrafo corto y luego características en líneas separadas.",
7918,"Escribe una descripción comercial para una tienda de informática sobre el producto: Fk-171. Debe parecer escrita por un humano, clara, profesional y orientada a ventas. Primero un párrafo corto y luego características en líneas separadas.",
7936,"Escribe una descripción comercial para una tienda de informática sobre el producto: Toner Kyocera R. Tk 1152 /1175 -1162. Debe parecer escrita por un humano, clara, profesional y orientada a ventas. Primero un párrafo corto y luego características en líneas separadas.",
7937,"Escribe una descripción comercial para una tienda de informática sobre el producto: Toner Brother Tn- 660u - Bj. Debe parecer escrita por un humano, clara, profesional y orientada a ventas. Primero un párrafo corto y luego características en líneas separadas.",
7938,"Escribe una descripción comercial para una tienda de informática sobre el producto: Kyocera Ecosys M2135 Dn-copiadora Oficio. Debe parecer escrita por un humano, clara, profesional y orientada a ventas. Primero un párrafo corto y luego características en líneas separadas.",
7940,"Escribe una descripción comercial para una tienda de informática sobre el producto: Tinta Epson 504  Cyan Original 70ml. Debe parecer escrita por un humano, clara, profesional y orientada a ventas. Primero un párrafo corto y luego características en líneas separadas.",
7941,"Escribe una descripción comercial para una tienda de informática sobre el producto: Tinta Epson 504  Magenta Original 70ml. Debe parecer escrita por un humano, clara, profesional y orientada a ventas. Primero un párrafo corto y luego características en líneas separadas.",
7942,"Escribe una descripción comercial para una tienda de informática sobre el producto: Tinta Epson 504  Amarillo Original 70 Ml. Debe parecer escrita por un humano, clara, profesional y orientada a ventas. Primero un párrafo corto y luego características en líneas separadas.",
7943,"Escribe una descripción comercial para una tienda de informática sobre el producto: Toner Samsung  205l  Bj - 5000 Copias. Debe parecer escrita por un humano, clara, profesional y orientada a ventas. Primero un párrafo corto y luego características en líneas separadas.",
7953,"Escribe una descripción comercial para una tienda de informática sobre el producto: Lector Kross Ps8000 De Mesa USB. Debe parecer escrita por un humano, clara, profesional y orientada a ventas. Primero un párrafo corto y luego características en líneas separadas.",
7958,"Escribe una descripción comercial para una tienda de informática sobre el producto: Olex Kit 8ch Dvr - Exterior (sin Disco). Debe parecer escrita por un humano, clara, profesional y orientada a ventas. Primero un párrafo corto y luego características en líneas separadas.",
7970,"Escribe una descripción comercial para una tienda de informática sobre el producto: Toner Ibh Botella B3 -290 Grs. Debe parecer escrita por un humano, clara, profesional y orientada a ventas. Primero un párrafo corto y luego características en líneas separadas.",
7971,"Escribe una descripción comercial para una tienda de informática sobre el producto: Toner Xerox 3020x C/chip Bj. Debe parecer escrita por un humano, clara, profesional y orientada a ventas. Primero un párrafo corto y luego características en líneas separadas.",
7972,"Escribe una descripción comercial para una tienda de informática sobre el producto: Z  Te. Debe parecer escrita por un humano, clara, profesional y orientada a ventas. Primero un párrafo corto y luego características en líneas separadas.",
7985,"Escribe una descripción comercial para una tienda de informática sobre el producto: Z  Blen Original X 420cc - Lustramuebles. Debe parecer escrita por un humano, clara, profesional y orientada a ventas. Primero un párrafo corto y luego características en líneas separadas.",
7987,"Escribe una descripción comercial para una tienda de informática sobre el producto: Z  Bolsas Camisetas 30x40 A/d X100 Unid. Debe parecer escrita por un humano, clara, profesional y orientada a ventas. Primero un párrafo corto y luego características en líneas separadas.",
7993,"Escribe una descripción comercial para una tienda de informática sobre el producto: Z  Vinagre De Alchol X 1 Litro. Debe parecer escrita por un humano, clara, profesional y orientada a ventas. Primero un párrafo corto y luego características en líneas separadas.",
7994,"Escribe una descripción comercial para una tienda de informática sobre el producto: Z  Rollo De Cocina X 3 Unidades. Debe parecer escrita por un humano, clara, profesional y orientada a ventas. Primero un párrafo corto y luego características en líneas separadas.",
8000,"Escribe una descripción comercial para una tienda de informática sobre el producto: Etiq Hus H34124 - 24 X 100hj  A4. Debe parecer escrita por un humano, clara, profesional y orientada a ventas. Primero un párrafo corto y luego características en líneas separadas.",
8004,"Escribe una descripción comercial para una tienda de informática sobre el producto: Z  Lavandina Por 1 Litro. Debe parecer escrita por un humano, clara, profesional y orientada a ventas. Primero un párrafo corto y luego características en líneas separadas.",
8005,"Escribe una descripción comercial para una tienda de informática sobre el producto: Olex Kit 16ch Dvr- Exterior (sin Disco). Debe parecer escrita por un humano, clara, profesional y orientada a ventas. Primero un párrafo corto y luego características en líneas separadas.",
8011,"Escribe una descripción comercial para una tienda de informática sobre el producto: Z  Uniformes. Debe parecer escrita por un humano, clara, profesional y orientada a ventas. Primero un párrafo corto y luego características en líneas separadas.",
8021,"Escribe una descripción comercial para una tienda de informática sobre el producto: Z  Cafe X 170grs. Debe parecer escrita por un humano, clara, profesional y orientada a ventas. Primero un párrafo corto y luego características en líneas separadas.",
8028,"Escribe una descripción comercial para una tienda de informática sobre el producto: Tinta Hp 664xl Color Bj 12ml-new Chip. Debe parecer escrita por un humano, clara, profesional y orientada a ventas. Primero un párrafo corto y luego características en líneas separadas.",
8036,"Escribe una descripción comercial para una tienda de informática sobre el producto: Z  Cera 8m X 5 Litros. Debe parecer escrita por un humano, clara, profesional y orientada a ventas. Primero un párrafo corto y luego características en líneas separadas.",
8037,"Escribe una descripción comercial para una tienda de informática sobre el producto: Z  Aromatizador Aerosol Sweet. Debe parecer escrita por un humano, clara, profesional y orientada a ventas. Primero un párrafo corto y luego características en líneas separadas.",
8040,"Escribe una descripción comercial para una tienda de informática sobre el producto: Lector 3ns Sc100   1d - USB Auto Disparo. Debe parecer escrita por un humano, clara, profesional y orientada a ventas. Primero un párrafo corto y luego características en líneas separadas.",
8047,"Escribe una descripción comercial para una tienda de informática sobre el producto: Z  La Gotita 2ml. Debe parecer escrita por un humano, clara, profesional y orientada a ventas. Primero un párrafo corto y luego características en líneas separadas.",
8048,"Escribe una descripción comercial para una tienda de informática sobre el producto: Lector 3ns Sc415bt 2d -inalambrico -bt - USB. Debe parecer escrita por un humano, clara, profesional y orientada a ventas. Primero un párrafo corto y luego características en líneas separadas.",
8054,"Escribe una descripción comercial para una tienda de informática sobre el producto: Toner Ibh Botella B2 -290 Grs. Debe parecer escrita por un humano, clara, profesional y orientada a ventas. Primero un párrafo corto y luego características en líneas separadas.",
8056,"Escribe una descripción comercial para una tienda de informática sobre el producto: Bal.systel Croma Torreta Bat  31 Kg -ppi. Debe parecer escrita por un humano, clara, profesional y orientada a ventas. Primero un párrafo corto y luego características en líneas separadas.",
8061,"Escribe una descripción comercial para una tienda de informática sobre el producto: Libro Unico De Registro Moretti. Debe parecer escrita por un humano, clara, profesional y orientada a ventas. Primero un párrafo corto y luego características en líneas separadas.",
8072,"Escribe una descripción comercial para una tienda de informática sobre el producto: Instalacion Reloj. Debe parecer escrita por un humano, clara, profesional y orientada a ventas. Primero un párrafo corto y luego características en líneas separadas.",
8079,"Escribe una descripción comercial para una tienda de informática sobre el producto: Lubricante G-36. Debe parecer escrita por un humano, clara, profesional y orientada a ventas. Primero un párrafo corto y luego características en líneas separadas.",
8080,"Escribe una descripción comercial para una tienda de informática sobre el producto: Gaveta Monedera 5 Divisiones Usada. Debe parecer escrita por un humano, clara, profesional y orientada a ventas. Primero un párrafo corto y luego características en líneas separadas.",
8107,"Escribe una descripción comercial para una tienda de informática sobre el producto: Z  Poxi-ran 23grs. Debe parecer escrita por un humano, clara, profesional y orientada a ventas. Primero un párrafo corto y luego características en líneas separadas.",
8112,"Escribe una descripción comercial para una tienda de informática sobre el producto: Z  Jabon Desengrasante  Redon Ama180grs. Debe parecer escrita por un humano, clara, profesional y orientada a ventas. Primero un párrafo corto y luego características en líneas separadas.",
8113,"Escribe una descripción comercial para una tienda de informática sobre el producto: Z  Poxi-ran 90grs. Debe parecer escrita por un humano, clara, profesional y orientada a ventas. Primero un párrafo corto y luego características en líneas separadas.",
8128,"Escribe una descripción comercial para una tienda de informática sobre el producto: Toner Samsung  209s  Bj - 5000 Copias. Debe parecer escrita por un humano, clara, profesional y orientada a ventas. Primero un párrafo corto y luego características en líneas separadas.",
8129,"Escribe una descripción comercial para una tienda de informática sobre el producto: Folios Liggo Oficio Cristal X 100 U. Debe parecer escrita por un humano, clara, profesional y orientada a ventas. Primero un párrafo corto y luego características en líneas separadas.",
8131,"Escribe una descripción comercial para una tienda de informática sobre el producto: Resaltador Trabi Texting Fluor Amarillo. Debe parecer escrita por un humano, clara, profesional y orientada a ventas. Primero un párrafo corto y luego características en líneas separadas.",
8143,"Escribe una descripción comercial para una tienda de informática sobre el producto: Comandera Epson T20iiil-001 USB+serie. Debe parecer escrita por un humano, clara, profesional y orientada a ventas. Primero un párrafo corto y luego características en líneas separadas.",
8150,"Escribe una descripción comercial para una tienda de informática sobre el producto: Tinta Epson T197/196/195 Gtc Negro. Debe parecer escrita por un humano, clara, profesional y orientada a ventas. Primero un párrafo corto y luego características en líneas separadas.",
8171,"Escribe una descripción comercial para una tienda de informática sobre el producto: Z  Detergente 1 Litro. Debe parecer escrita por un humano, clara, profesional y orientada a ventas. Primero un párrafo corto y luego características en líneas separadas.",
8176,"Escribe una descripción comercial para una tienda de informática sobre el producto: Z  Grasa Disipadora De Calor Delta Gpm-5. Debe parecer escrita por un humano, clara, profesional y orientada a ventas. Primero un párrafo corto y luego características en líneas separadas.",
8178,"Escribe una descripción comercial para una tienda de informática sobre el producto: Caset Epson Lx 350-mx80-2170 Gtc. Debe parecer escrita por un humano, clara, profesional y orientada a ventas. Primero un párrafo corto y luego características en líneas separadas.",
8180,"Escribe una descripción comercial para una tienda de informática sobre el producto: Hasar R-6100 - Hshsac0000010082. Debe parecer escrita por un humano, clara, profesional y orientada a ventas. Primero un párrafo corto y luego características en líneas separadas.",
8182,"Escribe una descripción comercial para una tienda de informática sobre el producto: Toner Samsung  116l - Bj. Debe parecer escrita por un humano, clara, profesional y orientada a ventas. Primero un párrafo corto y luego características en líneas separadas.",
8189,"Escribe una descripción comercial para una tienda de informática sobre el producto: Poxipol Gris 108 Grs - No Usar. Debe parecer escrita por un humano, clara, profesional y orientada a ventas. Primero un párrafo corto y luego características en líneas separadas.",
8192,"Escribe una descripción comercial para una tienda de informática sobre el producto: Z  Pinoluz X 1800c. Debe parecer escrita por un humano, clara, profesional y orientada a ventas. Primero un párrafo corto y luego características en líneas separadas.",
8203,"Escribe una descripción comercial para una tienda de informática sobre el producto: Comandera Kross T700 - U+serie+ethernet. Debe parecer escrita por un humano, clara, profesional y orientada a ventas. Primero un párrafo corto y luego características en líneas separadas.",
8204,"Escribe una descripción comercial para una tienda de informática sobre el producto: Mesa Fotocopiadora  260c - C/desumectad. Debe parecer escrita por un humano, clara, profesional y orientada a ventas. Primero un párrafo corto y luego características en líneas separadas.",
8217,"Escribe una descripción comercial para una tienda de informática sobre el producto: Kyocera Km 1635 Pmf8600780 - Usada. Debe parecer escrita por un humano, clara, profesional y orientada a ventas. Primero un párrafo corto y luego características en líneas separadas.",
8219,"Escribe una descripción comercial para una tienda de informática sobre el producto: Toner Hp 248 - Con Chip- Leon. Debe parecer escrita por un humano, clara, profesional y orientada a ventas. Primero un párrafo corto y luego características en líneas separadas.",
8222,"Escribe una descripción comercial para una tienda de informática sobre el producto: Marcador Edding 180 Al Agua Verde. Debe parecer escrita por un humano, clara, profesional y orientada a ventas. Primero un párrafo corto y luego características en líneas separadas.",
8223,"Escribe una descripción comercial para una tienda de informática sobre el producto: Marcador Edding 180 Al Agua Azul- P.redo. Debe parecer escrita por un humano, clara, profesional y orientada a ventas. Primero un párrafo corto y luego características en líneas separadas.",
8224,"Escribe una descripción comercial para una tienda de informática sobre el producto: Resaltador Pizzini Amarillo 1280. Debe parecer escrita por un humano, clara, profesional y orientada a ventas. Primero un párrafo corto y luego características en líneas separadas.",
8235,"Escribe una descripción comercial para una tienda de informática sobre el producto: Sam4s Nr- 330f Lista. Debe parecer escrita por un humano, clara, profesional y orientada a ventas. Primero un párrafo corto y luego características en líneas separadas.",
8241,"Escribe una descripción comercial para una tienda de informática sobre el producto: Disco SSD 480gb. Debe parecer escrita por un humano, clara, profesional y orientada a ventas. Primero un párrafo corto y luego características en líneas separadas.",
8242,"Escribe una descripción comercial para una tienda de informática sobre el producto: Disco SSD 960gb. Debe parecer escrita por un humano, clara, profesional y orientada a ventas. Primero un párrafo corto y luego características en líneas separadas.",
8252,"Escribe una descripción comercial para una tienda de informática sobre el producto: Z  Papel Higienico X  Unidad. Debe parecer escrita por un humano, clara, profesional y orientada a ventas. Primero un párrafo corto y luego características en líneas separadas.",
8255,"Escribe una descripción comercial para una tienda de informática sobre el producto: Toner Samsung  111l  Bj C/new Chip. Debe parecer escrita por un humano, clara, profesional y orientada a ventas. Primero un párrafo corto y luego características en líneas separadas.",
8258,"Escribe una descripción comercial para una tienda de informática sobre el producto: Toner Kyocera Tk-1152  3k Leon. Debe parecer escrita por un humano, clara, profesional y orientada a ventas. Primero un párrafo corto y luego características en líneas separadas.",
8260,"Escribe una descripción comercial para una tienda de informática sobre el producto: Reloj Facial Mb360. Debe parecer escrita por un humano, clara, profesional y orientada a ventas. Primero un párrafo corto y luego características en líneas separadas.",
8263,"Escribe una descripción comercial para una tienda de informática sobre el producto: Drum Hp  219d  Bj. Debe parecer escrita por un humano, clara, profesional y orientada a ventas. Primero un párrafo corto y luego características en líneas separadas.",
8266,"Escribe una descripción comercial para una tienda de informática sobre el producto: Lic. Sistema Reloj K Libre. Debe parecer escrita por un humano, clara, profesional y orientada a ventas. Primero un párrafo corto y luego características en líneas separadas.",
8268,"Escribe una descripción comercial para una tienda de informática sobre el producto: Z  Alcohol Isopropilico X 1 L. Debe parecer escrita por un humano, clara, profesional y orientada a ventas. Primero un párrafo corto y luego características en líneas separadas.",
8269,"Escribe una descripción comercial para una tienda de informática sobre el producto: Z  Grasa Disipadora Metal Jeringa Gpm-. Debe parecer escrita por un humano, clara, profesional y orientada a ventas. Primero un párrafo corto y luego características en líneas separadas.",
8278,"Escribe una descripción comercial para una tienda de informática sobre el producto: Z  Father X 5lts. Debe parecer escrita por un humano, clara, profesional y orientada a ventas. Primero un párrafo corto y luego características en líneas separadas.",
8279,"Escribe una descripción comercial para una tienda de informática sobre el producto: Toner Hp 248a - Con Chip - Bj. Debe parecer escrita por un humano, clara, profesional y orientada a ventas. Primero un párrafo corto y luego características en líneas separadas.",
8280,"Escribe una descripción comercial para una tienda de informática sobre el producto: Z  Ecole 9grs. Debe parecer escrita por un humano, clara, profesional y orientada a ventas. Primero un párrafo corto y luego características en líneas separadas.",
8292,"Escribe una descripción comercial para una tienda de informática sobre el producto: Tesoro De Empotrar En Piso Sp 014p. Debe parecer escrita por un humano, clara, profesional y orientada a ventas. Primero un párrafo corto y luego características en líneas separadas.",
8293,"Escribe una descripción comercial para una tienda de informática sobre el producto: Z  Venenos. Debe parecer escrita por un humano, clara, profesional y orientada a ventas. Primero un párrafo corto y luego características en líneas separadas.",
8294,"Escribe una descripción comercial para una tienda de informática sobre el producto: Notas Adhes.ezco-75x75- E-654-neon. Debe parecer escrita por un humano, clara, profesional y orientada a ventas. Primero un párrafo corto y luego características en líneas separadas.",
8304,"Escribe una descripción comercial para una tienda de informática sobre el producto: Hasar R-6100 Hshsac0000019759 -usada. Debe parecer escrita por un humano, clara, profesional y orientada a ventas. Primero un párrafo corto y luego características en líneas separadas.",
8305,"Escribe una descripción comercial para una tienda de informática sobre el producto: Toner Kyocera R. Tk 3182 - 21000 Copias. Debe parecer escrita por un humano, clara, profesional y orientada a ventas. Primero un párrafo corto y luego características en líneas separadas.",
8306,"Escribe una descripción comercial para una tienda de informática sobre el producto: Z  Etiquetas Adhesivas Vinilo Impreso. Debe parecer escrita por un humano, clara, profesional y orientada a ventas. Primero un párrafo corto y luego características en líneas separadas.",
8307,"Escribe una descripción comercial para una tienda de informática sobre el producto: Toner Kyocera R. Tk 132 - 7200 Copias. Debe parecer escrita por un humano, clara, profesional y orientada a ventas. Primero un párrafo corto y luego características en líneas separadas.",
8313,"Escribe una descripción comercial para una tienda de informática sobre el producto: Z  Poxipol Grande  Azul/transp X 108g. Debe parecer escrita por un humano, clara, profesional y orientada a ventas. Primero un párrafo corto y luego características en líneas separadas.",
8314,"Escribe una descripción comercial para una tienda de informática sobre el producto: Tinta Universal 1 Litro Negro. Debe parecer escrita por un humano, clara, profesional y orientada a ventas. Primero un párrafo corto y luego características en líneas separadas.",
8317,"Escribe una descripción comercial para una tienda de informática sobre el producto: Renovacion De Cf - Sistema. Debe parecer escrita por un humano, clara, profesional y orientada a ventas. Primero un párrafo corto y luego características en líneas separadas.",
8320,"Escribe una descripción comercial para una tienda de informática sobre el producto: Toner Hp 230a  Con Chip Bj - Negro. Debe parecer escrita por un humano, clara, profesional y orientada a ventas. Primero un párrafo corto y luego características en líneas separadas.",
8321,"Escribe una descripción comercial para una tienda de informática sobre el producto: Etiq.100x60 Ilus. Td4000 X500. Debe parecer escrita por un humano, clara, profesional y orientada a ventas. Primero un párrafo corto y luego características en líneas separadas.",
8324,"Escribe una descripción comercial para una tienda de informática sobre el producto: Cambio Responsabilidad Ante Iva. Debe parecer escrita por un humano, clara, profesional y orientada a ventas. Primero un párrafo corto y luego características en líneas separadas.",
8328,"Escribe una descripción comercial para una tienda de informática sobre el producto: Franela Naranfa. Debe parecer escrita por un humano, clara, profesional y orientada a ventas. Primero un párrafo corto y luego características en líneas separadas.",
8329,"Escribe una descripción comercial para una tienda de informática sobre el producto: Lector 3ns-sc415  2d - USB- Base- Autodisparo. Debe parecer escrita por un humano, clara, profesional y orientada a ventas. Primero un párrafo corto y luego características en líneas separadas.",
8342,"Escribe una descripción comercial para una tienda de informática sobre el producto: Disco Rigido Notebook. Debe parecer escrita por un humano, clara, profesional y orientada a ventas. Primero un párrafo corto y luego características en líneas separadas.",
8345,"Escribe una descripción comercial para una tienda de informática sobre el producto: Z  Bolsas Camisetas 40x50 A/d X100 Unid. Debe parecer escrita por un humano, clara, profesional y orientada a ventas. Primero un párrafo corto y luego características en líneas separadas.",
8347,"Escribe una descripción comercial para una tienda de informática sobre el producto: Z  Alcohol Puro X 1000 Cc. Debe parecer escrita por un humano, clara, profesional y orientada a ventas. Primero un párrafo corto y luego características en líneas separadas.",
8348,"Escribe una descripción comercial para una tienda de informática sobre el producto: Z  Paño De Piso 60x70. Debe parecer escrita por un humano, clara, profesional y orientada a ventas. Primero un párrafo corto y luego características en líneas separadas.",
8349,"Escribe una descripción comercial para una tienda de informática sobre el producto: Toner Hp 287a - Bj. Debe parecer escrita por un humano, clara, profesional y orientada a ventas. Primero un párrafo corto y luego características en líneas separadas.",
8352,"Escribe una descripción comercial para una tienda de informática sobre el producto: Epson T70ii- Posberry. Debe parecer escrita por un humano, clara, profesional y orientada a ventas. Primero un párrafo corto y luego características en líneas separadas.",
8355,"Escribe una descripción comercial para una tienda de informática sobre el producto: Toner Kyocera Tk-1175 Premium-2040. Debe parecer escrita por un humano, clara, profesional y orientada a ventas. Primero un párrafo corto y luego características en líneas separadas.",
8356,"Escribe una descripción comercial para una tienda de informática sobre el producto: Toner Ibh Kyo Tk-1132 (1030mfp/2030. Debe parecer escrita por un humano, clara, profesional y orientada a ventas. Primero un párrafo corto y luego características en líneas separadas.",
8369,"Escribe una descripción comercial para una tienda de informática sobre el producto: Z  Algodon X 500 Grs. Debe parecer escrita por un humano, clara, profesional y orientada a ventas. Primero un párrafo corto y luego características en líneas separadas.",
8370,"Escribe una descripción comercial para una tienda de informática sobre el producto: Ampliacion Monto De Facturacion. Debe parecer escrita por un humano, clara, profesional y orientada a ventas. Primero un párrafo corto y luego características en líneas separadas.",
8375,"Escribe una descripción comercial para una tienda de informática sobre el producto: Z  Mate Cocido X 100 Unidades. Debe parecer escrita por un humano, clara, profesional y orientada a ventas. Primero un párrafo corto y luego características en líneas separadas.",
8376,"Escribe una descripción comercial para una tienda de informática sobre el producto: Toner Kyocera Tk-1162  -7 2k- Leon. Debe parecer escrita por un humano, clara, profesional y orientada a ventas. Primero un párrafo corto y luego características en líneas separadas.",
8377,"Escribe una descripción comercial para una tienda de informática sobre el producto: Lector 3ns Sc-050    1d- C/soporte. Debe parecer escrita por un humano, clara, profesional y orientada a ventas. Primero un párrafo corto y luego características en líneas separadas.",
8378,"Escribe una descripción comercial para una tienda de informática sobre el producto: Z  Alcohol Puro X 500c Grad.70*. Debe parecer escrita por un humano, clara, profesional y orientada a ventas. Primero un párrafo corto y luego características en líneas separadas.",
8379,"Escribe una descripción comercial para una tienda de informática sobre el producto: Lector Hasar Lcb-hasccd USB Mano S/pie. Debe parecer escrita por un humano, clara, profesional y orientada a ventas. Primero un párrafo corto y luego características en líneas separadas.",
8396,"Escribe una descripción comercial para una tienda de informática sobre el producto: Drum Brother   1060 - Bj. Debe parecer escrita por un humano, clara, profesional y orientada a ventas. Primero un párrafo corto y luego características en líneas separadas.",
8397,"Escribe una descripción comercial para una tienda de informática sobre el producto: Contadora De Billetes Daihatsu D-cb100. Debe parecer escrita por un humano, clara, profesional y orientada a ventas. Primero un párrafo corto y luego características en líneas separadas.",
8398,"Escribe una descripción comercial para una tienda de informática sobre el producto: Z  Alcohol Gel Neutro Bialcohol X500. Debe parecer escrita por un humano, clara, profesional y orientada a ventas. Primero un párrafo corto y luego características en líneas separadas.",
8399,"Escribe una descripción comercial para una tienda de informática sobre el producto: Z  Cinta Aislador De Pvc 3m 19x20x0 18. Debe parecer escrita por un humano, clara, profesional y orientada a ventas. Primero un párrafo corto y luego características en líneas separadas.",
8401,"Escribe una descripción comercial para una tienda de informática sobre el producto: Lector Global 1d USB. Debe parecer escrita por un humano, clara, profesional y orientada a ventas. Primero un párrafo corto y luego características en líneas separadas.",
8402,"Escribe una descripción comercial para una tienda de informática sobre el producto: Toner Samsung  111l  Office   1.8k. Debe parecer escrita por un humano, clara, profesional y orientada a ventas. Primero un párrafo corto y luego características en líneas separadas.",
8406,"Escribe una descripción comercial para una tienda de informática sobre el producto: Impresora Laser Sam 2165 N*c00k37- Usada. Debe parecer escrita por un humano, clara, profesional y orientada a ventas. Primero un párrafo corto y luego características en líneas separadas.",
8407,"Escribe una descripción comercial para una tienda de informática sobre el producto: Z  Aceite Wd40 311grs. Debe parecer escrita por un humano, clara, profesional y orientada a ventas. Primero un párrafo corto y luego características en líneas separadas.",
8408,"Escribe una descripción comercial para una tienda de informática sobre el producto: Tesoro 1010r Cerradura Y 1 Est  C/ranura. Debe parecer escrita por un humano, clara, profesional y orientada a ventas. Primero un párrafo corto y luego características en líneas separadas.",
8409,"Escribe una descripción comercial para una tienda de informática sobre el producto: Tesoro 1020r Cerradura Y1 Estan C/ranura. Debe parecer escrita por un humano, clara, profesional y orientada a ventas. Primero un párrafo corto y luego características en líneas separadas.",
8411,"Escribe una descripción comercial para una tienda de informática sobre el producto: Estabilizador Sic  Usado- N*2034. Debe parecer escrita por un humano, clara, profesional y orientada a ventas. Primero un párrafo corto y luego características en líneas separadas.",
8417,"Escribe una descripción comercial para una tienda de informática sobre el producto: Z  Cables De Tester. Debe parecer escrita por un humano, clara, profesional y orientada a ventas. Primero un párrafo corto y luego características en líneas separadas.",
8418,"Escribe una descripción comercial para una tienda de informática sobre el producto: Z. Debe parecer escrita por un humano, clara, profesional y orientada a ventas. Primero un párrafo corto y luego características en líneas separadas.",
8419,"Escribe una descripción comercial para una tienda de informática sobre el producto: Z  Bolsas Ppp 35x45 X 100 Unidades. Debe parecer escrita por un humano, clara, profesional y orientada a ventas. Primero un párrafo corto y luego características en líneas separadas.",
8420,"Escribe una descripción comercial para una tienda de informática sobre el producto: Z  Tubo 15cm X 80 Micrones X 1 Kilo. Debe parecer escrita por un humano, clara, profesional y orientada a ventas. Primero un párrafo corto y luego características en líneas separadas.",
8421,"Escribe una descripción comercial para una tienda de informática sobre el producto: Z  Bolsita Ppp 13x20 X200 Unidades. Debe parecer escrita por un humano, clara, profesional y orientada a ventas. Primero un párrafo corto y luego características en líneas separadas.",
8424,"Escribe una descripción comercial para una tienda de informática sobre el producto: Contadora Clasificad  Eli-. Debe parecer escrita por un humano, clara, profesional y orientada a ventas. Primero un párrafo corto y luego características en líneas separadas.",
8425,"Escribe una descripción comercial para una tienda de informática sobre el producto: Pistola Encoladora Phm-std 80 W. Debe parecer escrita por un humano, clara, profesional y orientada a ventas. Primero un párrafo corto y luego características en líneas separadas.",
8426,"Escribe una descripción comercial para una tienda de informática sobre el producto: Pistola Encoladora Phm- Std 40w. Debe parecer escrita por un humano, clara, profesional y orientada a ventas. Primero un párrafo corto y luego características en líneas separadas.",
8427,"Escribe una descripción comercial para una tienda de informática sobre el producto: Barras Adhesivas Fina 0 74x20 Cm - 12 Un. Debe parecer escrita por un humano, clara, profesional y orientada a ventas. Primero un párrafo corto y luego características en líneas separadas.",
8428,"Escribe una descripción comercial para una tienda de informática sobre el producto: Barras Adhesivas Gruesas 1 12x20  6 Unid. Debe parecer escrita por un humano, clara, profesional y orientada a ventas. Primero un párrafo corto y luego características en líneas separadas.",
8429,"Escribe una descripción comercial para una tienda de informática sobre el producto: Z  Lustrador 8m 360 Cc. Debe parecer escrita por un humano, clara, profesional y orientada a ventas. Primero un párrafo corto y luego características en líneas separadas.",
8432,"Escribe una descripción comercial para una tienda de informática sobre el producto: Z  Bolsas Ppp 25x30x 100. Debe parecer escrita por un humano, clara, profesional y orientada a ventas. Primero un párrafo corto y luego características en líneas separadas.",
8443,"Escribe una descripción comercial para una tienda de informática sobre el producto: Lector Global 2d-qr-usb. Debe parecer escrita por un humano, clara, profesional y orientada a ventas. Primero un párrafo corto y luego características en líneas separadas.",
8444,"Escribe una descripción comercial para una tienda de informática sobre el producto: Perfor. Kanex Punch - 720  P/36  Hojas -. Debe parecer escrita por un humano, clara, profesional y orientada a ventas. Primero un párrafo corto y luego características en líneas separadas.",
8446,"Escribe una descripción comercial para una tienda de informática sobre el producto: Banderitas Ezco 5 Colores Neon 25hj. Debe parecer escrita por un humano, clara, profesional y orientada a ventas. Primero un párrafo corto y luego características en líneas separadas.",
8470,"Escribe una descripción comercial para una tienda de informática sobre el producto: Toner Pantum R. P2500. Debe parecer escrita por un humano, clara, profesional y orientada a ventas. Primero un párrafo corto y luego características en líneas separadas.",
8472,"Escribe una descripción comercial para una tienda de informática sobre el producto: Carga De Programas En Notebook. Debe parecer escrita por un humano, clara, profesional y orientada a ventas. Primero un párrafo corto y luego características en líneas separadas.",
8474,"Escribe una descripción comercial para una tienda de informática sobre el producto: Baja Y Auditoria  De Controlador Fiscal. Debe parecer escrita por un humano, clara, profesional y orientada a ventas. Primero un párrafo corto y luego características en líneas separadas.",
8476,"Escribe una descripción comercial para una tienda de informática sobre el producto: Desbloqueo Controlador Fiscal. Debe parecer escrita por un humano, clara, profesional y orientada a ventas. Primero un párrafo corto y luego características en líneas separadas.",
8477,"Escribe una descripción comercial para una tienda de informática sobre el producto: Kyocera Usada Mfp1035 - 33803751. Debe parecer escrita por un humano, clara, profesional y orientada a ventas. Primero un párrafo corto y luego características en líneas separadas.",
8478,"Escribe una descripción comercial para una tienda de informática sobre el producto: Kyocera Usada Km 2810 - Xyn 2212170. Debe parecer escrita por un humano, clara, profesional y orientada a ventas. Primero un párrafo corto y luego características en líneas separadas.",
8479,"Escribe una descripción comercial para una tienda de informática sobre el producto: Kyocera Usada P2135 - Lzf7 107556. Debe parecer escrita por un humano, clara, profesional y orientada a ventas. Primero un párrafo corto y luego características en líneas separadas.",
8480,"Escribe una descripción comercial para una tienda de informática sobre el producto: Kyocera Usada P2135 - Lzf 7107473. Debe parecer escrita por un humano, clara, profesional y orientada a ventas. Primero un párrafo corto y luego características en líneas separadas.",
8484,"Escribe una descripción comercial para una tienda de informática sobre el producto: Toner Hp 258w -sin Chip-negro-bj (3000 C. Debe parecer escrita por un humano, clara, profesional y orientada a ventas. Primero un párrafo corto y luego características en líneas separadas.",
8486,"Escribe una descripción comercial para una tienda de informática sobre el producto: Drum Hp  232d Bj. Debe parecer escrita por un humano, clara, profesional y orientada a ventas. Primero un párrafo corto y luego características en líneas separadas.",
8487,"Escribe una descripción comercial para una tienda de informática sobre el producto: Abono Mensual Posberry Base. Debe parecer escrita por un humano, clara, profesional y orientada a ventas. Primero un párrafo corto y luego características en líneas separadas.",
8488,"Escribe una descripción comercial para una tienda de informática sobre el producto: Abono Pto Vta Adicional Posberry. Debe parecer escrita por un humano, clara, profesional y orientada a ventas. Primero un párrafo corto y luego características en líneas separadas.",
8489,"Escribe una descripción comercial para una tienda de informática sobre el producto: Fuente Balanza Systel - Clipse - Croma. Debe parecer escrita por un humano, clara, profesional y orientada a ventas. Primero un párrafo corto y luego características en líneas separadas.",
8490,"Escribe una descripción comercial para una tienda de informática sobre el producto: Z  Poxipol Gris 10 Min. 21grs. Debe parecer escrita por un humano, clara, profesional y orientada a ventas. Primero un párrafo corto y luego características en líneas separadas.",
8494,"Escribe una descripción comercial para una tienda de informática sobre el producto: Z  Limpiavidrio Cif 900 Cc. Debe parecer escrita por un humano, clara, profesional y orientada a ventas. Primero un párrafo corto y luego características en líneas separadas.",
8495,"Escribe una descripción comercial para una tienda de informática sobre el producto: Toner Pantum Botella P2500/m6550 -160grs. Debe parecer escrita por un humano, clara, profesional y orientada a ventas. Primero un párrafo corto y luego características en líneas separadas.",
8496,"Escribe una descripción comercial para una tienda de informática sobre el producto: Drum Brother   620 Bj. Debe parecer escrita por un humano, clara, profesional y orientada a ventas. Primero un párrafo corto y luego características en líneas separadas.",
8500,"Escribe una descripción comercial para una tienda de informática sobre el producto: Z  Escoba - Escobillon- Cepillo-escurrid. Debe parecer escrita por un humano, clara, profesional y orientada a ventas. Primero un párrafo corto y luego características en líneas separadas.",
8504,"Escribe una descripción comercial para una tienda de informática sobre el producto: Registrador Avios Of Gris -lomo Papel. Debe parecer escrita por un humano, clara, profesional y orientada a ventas. Primero un párrafo corto y luego características en líneas separadas.",
8505,"Escribe una descripción comercial para una tienda de informática sobre el producto: Rollo Term -1181- Hus 80x60x 8 U. Debe parecer escrita por un humano, clara, profesional y orientada a ventas. Primero un párrafo corto y luego características en líneas separadas.",
8507,"Escribe una descripción comercial para una tienda de informática sobre el producto: Z  Precintos 100 X 25 (x100 Unidades). Debe parecer escrita por un humano, clara, profesional y orientada a ventas. Primero un párrafo corto y luego características en líneas separadas.",
8508,"Escribe una descripción comercial para una tienda de informática sobre el producto: Z  Precintos 200 X 4 8 (100 Unidades). Debe parecer escrita por un humano, clara, profesional y orientada a ventas. Primero un párrafo corto y luego características en líneas separadas.",
8510,"Escribe una descripción comercial para una tienda de informática sobre el producto: Cambio De Domicilio. Debe parecer escrita por un humano, clara, profesional y orientada a ventas. Primero un párrafo corto y luego características en líneas separadas.",
8520,"Escribe una descripción comercial para una tienda de informática sobre el producto: Z  Alicate. Debe parecer escrita por un humano, clara, profesional y orientada a ventas. Primero un párrafo corto y luego características en líneas separadas.",
8523,"Escribe una descripción comercial para una tienda de informática sobre el producto: Pos Elitronic Tpm-55m Amarillo. Debe parecer escrita por un humano, clara, profesional y orientada a ventas. Primero un párrafo corto y luego características en líneas separadas.",
8532,"Escribe una descripción comercial para una tienda de informática sobre el producto: Exaktus Ex-12 TB-12 Digitos-17,5x10. Debe parecer escrita por un humano, clara, profesional y orientada a ventas. Primero un párrafo corto y luego características en líneas separadas.",
8541,"Escribe una descripción comercial para una tienda de informática sobre el producto: Microfibra Fineliner - Varios Colores. Debe parecer escrita por un humano, clara, profesional y orientada a ventas. Primero un párrafo corto y luego características en líneas separadas.",
8547,"Escribe una descripción comercial para una tienda de informática sobre el producto: Toner Brother Tn- 1060 Leon. Debe parecer escrita por un humano, clara, profesional y orientada a ventas. Primero un párrafo corto y luego características en líneas separadas.",
8555,"Escribe una descripción comercial para una tienda de informática sobre el producto: Toner. Debe parecer escrita por un humano, clara, profesional y orientada a ventas. Primero un párrafo corto y luego características en líneas separadas.",
8559,"Escribe una descripción comercial para una tienda de informática sobre el producto: Z  Alcohol 5 Lts 70º. Debe parecer escrita por un humano, clara, profesional y orientada a ventas. Primero un párrafo corto y luego características en líneas separadas.",
8561,"Escribe una descripción comercial para una tienda de informática sobre el producto: Z  Mate Cocido X 25 Unidades. Debe parecer escrita por un humano, clara, profesional y orientada a ventas. Primero un párrafo corto y luego características en líneas separadas.",
8562,"Escribe una descripción comercial para una tienda de informática sobre el producto: Luz De Emergencia Probattery Ie-60l. Debe parecer escrita por un humano, clara, profesional y orientada a ventas. Primero un párrafo corto y luego características en líneas separadas.",
8577,"Escribe una descripción comercial para una tienda de informática sobre el producto: Z  Fibra Abrasiva Verde. Debe parecer escrita por un humano, clara, profesional y orientada a ventas. Primero un párrafo corto y luego características en líneas separadas.",
8580,"Escribe una descripción comercial para una tienda de informática sobre el producto: Inicializacion Y Programacion. Debe parecer escrita por un humano, clara, profesional y orientada a ventas. Primero un párrafo corto y luego características en líneas separadas.",
8583,"Escribe una descripción comercial para una tienda de informática sobre el producto: Sillon Ergonomic Super H Base Giratoria. Debe parecer escrita por un humano, clara, profesional y orientada a ventas. Primero un párrafo corto y luego características en líneas separadas.",
8596,"Escribe una descripción comercial para una tienda de informática sobre el producto: Broches Clip Ezco N*4. Debe parecer escrita por un humano, clara, profesional y orientada a ventas. Primero un párrafo corto y luego características en líneas separadas.",
8603,"Escribe una descripción comercial para una tienda de informática sobre el producto: Rollo Term - 80x50 X 10  Ipc -48grs. Debe parecer escrita por un humano, clara, profesional y orientada a ventas. Primero un párrafo corto y luego características en líneas separadas.",
8604,"Escribe una descripción comercial para una tienda de informática sobre el producto: Extraccion Informe Mensual. Debe parecer escrita por un humano, clara, profesional y orientada a ventas. Primero un párrafo corto y luego características en líneas separadas.",
8605,"Escribe una descripción comercial para una tienda de informática sobre el producto: Baja. Auditoria Ycambio De Razon Social. Debe parecer escrita por un humano, clara, profesional y orientada a ventas. Primero un párrafo corto y luego características en líneas separadas.",
8615,"Escribe una descripción comercial para una tienda de informática sobre el producto: Z  Grasa Tungrease G36 - 5 Grs. Debe parecer escrita por un humano, clara, profesional y orientada a ventas. Primero un párrafo corto y luego características en líneas separadas.",
8616,"Escribe una descripción comercial para una tienda de informática sobre el producto: Bateria 6v 4a. Debe parecer escrita por un humano, clara, profesional y orientada a ventas. Primero un párrafo corto y luego características en líneas separadas.",
8621,"Escribe una descripción comercial para una tienda de informática sobre el producto: Z  Grasa Tungrease G-36  X 100cc. Debe parecer escrita por un humano, clara, profesional y orientada a ventas. Primero un párrafo corto y luego características en líneas separadas.",
8622,"Escribe una descripción comercial para una tienda de informática sobre el producto: Hojas De Sierra Sin Fin. Debe parecer escrita por un humano, clara, profesional y orientada a ventas. Primero un párrafo corto y luego características en líneas separadas.",
8637,"Escribe una descripción comercial para una tienda de informática sobre el producto: Cuad.22x29 Husares  Ry.espiral 80 Hj. Debe parecer escrita por un humano, clara, profesional y orientada a ventas. Primero un párrafo corto y luego características en líneas separadas.",
8653,"Escribe una descripción comercial para una tienda de informática sobre el producto: Z  Fastix 25grs. Debe parecer escrita por un humano, clara, profesional y orientada a ventas. Primero un párrafo corto y luego características en líneas separadas.",
8661,"Escribe una descripción comercial para una tienda de informática sobre el producto: Z  Focos Led Bulbo 9w. Debe parecer escrita por un humano, clara, profesional y orientada a ventas. Primero un párrafo corto y luego características en líneas separadas.",
8662,"Escribe una descripción comercial para una tienda de informática sobre el producto: Z  Precintos 290 X 4 8 (x 100 Unidades). Debe parecer escrita por un humano, clara, profesional y orientada a ventas. Primero un párrafo corto y luego características en líneas separadas.",
8663,"Escribe una descripción comercial para una tienda de informática sobre el producto: Rollo Term - 80x30 X 10 Ipc - 48grs. Debe parecer escrita por un humano, clara, profesional y orientada a ventas. Primero un párrafo corto y luego características en líneas separadas.",
8687,"Escribe una descripción comercial para una tienda de informática sobre el producto: Z  Gamuza. Debe parecer escrita por un humano, clara, profesional y orientada a ventas. Primero un párrafo corto y luego características en líneas separadas.",
8688,"Escribe una descripción comercial para una tienda de informática sobre el producto: Mk- 1175 (m2040dn/m2640). Debe parecer escrita por un humano, clara, profesional y orientada a ventas. Primero un párrafo corto y luego características en líneas separadas.",
8720,"Escribe una descripción comercial para una tienda de informática sobre el producto: Impresora Quo Arg N*004347. Debe parecer escrita por un humano, clara, profesional y orientada a ventas. Primero un párrafo corto y luego características en líneas separadas.",
8735,"Escribe una descripción comercial para una tienda de informática sobre el producto: Toner Pantum Pd- 219 (1600 Pag). Debe parecer escrita por un humano, clara, profesional y orientada a ventas. Primero un párrafo corto y luego características en líneas separadas.",
8736,"Escribe una descripción comercial para una tienda de informática sobre el producto: Toner Pantum Kit Rk-219. Debe parecer escrita por un humano, clara, profesional y orientada a ventas. Primero un párrafo corto y luego características en líneas separadas.",
8737,"Escribe una descripción comercial para una tienda de informática sobre el producto: Resaltador Pizzini Verde 1280. Debe parecer escrita por un humano, clara, profesional y orientada a ventas. Primero un párrafo corto y luego características en líneas separadas.",
8741,"Escribe una descripción comercial para una tienda de informática sobre el producto: Tinta Gneiss Universal Black  70 Cc. Debe parecer escrita por un humano, clara, profesional y orientada a ventas. Primero un párrafo corto y luego características en líneas separadas.",
8742,"Escribe una descripción comercial para una tienda de informática sobre el producto: Tinta Gneiss Universal Cyan   70 Cc. Debe parecer escrita por un humano, clara, profesional y orientada a ventas. Primero un párrafo corto y luego características en líneas separadas.",
8743,"Escribe una descripción comercial para una tienda de informática sobre el producto: Tinta Gneiss Universal  Magenta  70 Cc. Debe parecer escrita por un humano, clara, profesional y orientada a ventas. Primero un párrafo corto y luego características en líneas separadas.",
8744,"Escribe una descripción comercial para una tienda de informática sobre el producto: Tinta Gneiss Universal Yellow 70 Cc. Debe parecer escrita por un humano, clara, profesional y orientada a ventas. Primero un párrafo corto y luego características en líneas separadas.",
8754,"Escribe una descripción comercial para una tienda de informática sobre el producto: Cambio Condicion Iva En Epson T70. Debe parecer escrita por un humano, clara, profesional y orientada a ventas. Primero un párrafo corto y luego características en líneas separadas.",
8757,"Escribe una descripción comercial para una tienda de informática sobre el producto: Abono Mensual Posberry Full. Debe parecer escrita por un humano, clara, profesional y orientada a ventas. Primero un párrafo corto y luego características en líneas separadas.",
8762,"Escribe una descripción comercial para una tienda de informática sobre el producto: Fk-170 -(1035/1120/1320/1370-. Debe parecer escrita por un humano, clara, profesional y orientada a ventas. Primero un párrafo corto y luego características en líneas separadas.",
8763,"Escribe una descripción comercial para una tienda de informática sobre el producto: Bandas Elasticas Ezco X 1000 Gr-bolsa. Debe parecer escrita por un humano, clara, profesional y orientada a ventas. Primero un párrafo corto y luego características en líneas separadas.",
8765,"Escribe una descripción comercial para una tienda de informática sobre el producto: Comandera 3ns Rpt004 USB/ Eth. Debe parecer escrita por un humano, clara, profesional y orientada a ventas. Primero un párrafo corto y luego características en líneas separadas.",
8789,"Escribe una descripción comercial para una tienda de informática sobre el producto: Exaktus Ex-1200 V Verde 11x7. Debe parecer escrita por un humano, clara, profesional y orientada a ventas. Primero un párrafo corto y luego características en líneas separadas.",
8790,"Escribe una descripción comercial para una tienda de informática sobre el producto: Casio Fx-82ms- 2nd Edicion. Debe parecer escrita por un humano, clara, profesional y orientada a ventas. Primero un párrafo corto y luego características en líneas separadas.",
8791,"Escribe una descripción comercial para una tienda de informática sobre el producto: Renovacion De Cf No Abonado - Sistema. Debe parecer escrita por un humano, clara, profesional y orientada a ventas. Primero un párrafo corto y luego características en líneas separadas.",
8794,"Escribe una descripción comercial para una tienda de informática sobre el producto: Toner Ibh Kyo Tk-1162 (p/2040). Debe parecer escrita por un humano, clara, profesional y orientada a ventas. Primero un párrafo corto y luego características en líneas separadas.",
8795,"Escribe una descripción comercial para una tienda de informática sobre el producto: Rcf Hasar- Sam - Epson. Debe parecer escrita por un humano, clara, profesional y orientada a ventas. Primero un párrafo corto y luego características en líneas separadas.",
8798,"Escribe una descripción comercial para una tienda de informática sobre el producto: Comandera Hasar P-181 USB-serie/ethernet. Debe parecer escrita por un humano, clara, profesional y orientada a ventas. Primero un párrafo corto y luego características en líneas separadas.",
8800,"Escribe una descripción comercial para una tienda de informática sobre el producto: Mochila Unicross Portanotebook Negra. Debe parecer escrita por un humano, clara, profesional y orientada a ventas. Primero un párrafo corto y luego características en líneas separadas.",
8801,"Escribe una descripción comercial para una tienda de informática sobre el producto: Mochilla Unicross Portanotebook Negra. Debe parecer escrita por un humano, clara, profesional y orientada a ventas. Primero un párrafo corto y luego características en líneas separadas.",
8802,"Escribe una descripción comercial para una tienda de informática sobre el producto: Mochilla Unicross Portanotebook Negra. Debe parecer escrita por un humano, clara, profesional y orientada a ventas. Primero un párrafo corto y luego características en líneas separadas.",
8803,"Escribe una descripción comercial para una tienda de informática sobre el producto: Mochilla Unicross Portanotebook Negra. Debe parecer escrita por un humano, clara, profesional y orientada a ventas. Primero un párrafo corto y luego características en líneas separadas.",
8804,"Escribe una descripción comercial para una tienda de informática sobre el producto: Mochila Unicross Portanotebook Gris. Debe parecer escrita por un humano, clara, profesional y orientada a ventas. Primero un párrafo corto y luego características en líneas separadas.",
8805,"Escribe una descripción comercial para una tienda de informática sobre el producto: Chinches Ezco Colores X 100 Unidades. Debe parecer escrita por un humano, clara, profesional y orientada a ventas. Primero un párrafo corto y luego características en líneas separadas.",
8809,"Escribe una descripción comercial para una tienda de informática sobre el producto: Calculadora Global 12d-937b. Debe parecer escrita por un humano, clara, profesional y orientada a ventas. Primero un párrafo corto y luego características en líneas separadas.",
8810,"Escribe una descripción comercial para una tienda de informática sobre el producto: Reloj Kp210a 714621 -usado. Debe parecer escrita por un humano, clara, profesional y orientada a ventas. Primero un párrafo corto y luego características en líneas separadas.",
8811,"Escribe una descripción comercial para una tienda de informática sobre el producto: Tinta Hp 667xl Negro Bj - 22ml. Debe parecer escrita por un humano, clara, profesional y orientada a ventas. Primero un párrafo corto y luego características en líneas separadas.",
8817,"Escribe una descripción comercial para una tienda de informática sobre el producto: Toner Pantum Pb- 211-pb210 - Leon. Debe parecer escrita por un humano, clara, profesional y orientada a ventas. Primero un párrafo corto y luego características en líneas separadas.",
8819,"Escribe una descripción comercial para una tienda de informática sobre el producto: Drum Brother   630d Bj. Debe parecer escrita por un humano, clara, profesional y orientada a ventas. Primero un párrafo corto y luego características en líneas separadas.",
8825,"Escribe una descripción comercial para una tienda de informática sobre el producto: Toner Pantum Pd- 219  (1 6) Leon. Debe parecer escrita por un humano, clara, profesional y orientada a ventas. Primero un párrafo corto y luego características en líneas separadas.",
8834,"Escribe una descripción comercial para una tienda de informática sobre el producto: Bandas Elasticas Ezco  X 100gr-bolsa. Debe parecer escrita por un humano, clara, profesional y orientada a ventas. Primero un párrafo corto y luego características en líneas separadas.",
8835,"Escribe una descripción comercial para una tienda de informática sobre el producto: Broches Clip Ezco N*5. Debe parecer escrita por un humano, clara, profesional y orientada a ventas. Primero un párrafo corto y luego características en líneas separadas.",
8836,"Escribe una descripción comercial para una tienda de informática sobre el producto: Tinta Para Sello Pagoda Negra- 30cc. Debe parecer escrita por un humano, clara, profesional y orientada a ventas. Primero un párrafo corto y luego características en líneas separadas.",
8837,"Escribe una descripción comercial para una tienda de informática sobre el producto: Cinta Adhes Auca 18mm X 25 Mt. Debe parecer escrita por un humano, clara, profesional y orientada a ventas. Primero un párrafo corto y luego características en líneas separadas.",
8853,"Escribe una descripción comercial para una tienda de informática sobre el producto: Toner Pantum M219p  Bj (1600 Pag). Debe parecer escrita por un humano, clara, profesional y orientada a ventas. Primero un párrafo corto y luego características en líneas separadas.",
8854,"Escribe una descripción comercial para una tienda de informática sobre el producto: Toner Hp 105a  Con Chip - Bj -2k. Debe parecer escrita por un humano, clara, profesional y orientada a ventas. Primero un párrafo corto y luego características en líneas separadas.",
8857,"Escribe una descripción comercial para una tienda de informática sobre el producto: Z  Perfumina Para Piso. Debe parecer escrita por un humano, clara, profesional y orientada a ventas. Primero un párrafo corto y luego características en líneas separadas.",
8859,"Escribe una descripción comercial para una tienda de informática sobre el producto: Casio Fx-82lax Pk 275 Funciones Rosa. Debe parecer escrita por un humano, clara, profesional y orientada a ventas. Primero un párrafo corto y luego características en líneas separadas.",
8861,"Escribe una descripción comercial para una tienda de informática sobre el producto: Lector Hasar 9010 USB C/soporte. Debe parecer escrita por un humano, clara, profesional y orientada a ventas. Primero un párrafo corto y luego características en líneas separadas.",
8863,"Escribe una descripción comercial para una tienda de informática sobre el producto: Contadora De Billetes Portatil Global-1. Debe parecer escrita por un humano, clara, profesional y orientada a ventas. Primero un párrafo corto y luego características en líneas separadas.",
8864,"Escribe una descripción comercial para una tienda de informática sobre el producto: Toner Pantum M211p - Bj. Debe parecer escrita por un humano, clara, profesional y orientada a ventas. Primero un párrafo corto y luego características en líneas separadas.",
8866,"Escribe una descripción comercial para una tienda de informática sobre el producto: Z  Fastix 100 Ml. Debe parecer escrita por un humano, clara, profesional y orientada a ventas. Primero un párrafo corto y luego características en líneas separadas.",
8867,"Escribe una descripción comercial para una tienda de informática sobre el producto: Z  Lavandina Por 4 Litros. Debe parecer escrita por un humano, clara, profesional y orientada a ventas. Primero un párrafo corto y luego características en líneas separadas.",
8868,"Escribe una descripción comercial para una tienda de informática sobre el producto: Comandera Global Pos80- USB + Ethernet. Debe parecer escrita por un humano, clara, profesional y orientada a ventas. Primero un párrafo corto y luego características en líneas separadas.",
